":@computed_region_cbw7_skn5",":@computed_region_gj26_y8x3",":@computed_region_pft9_733t",":@computed_region_x8wy_s94z","concert_date","concert_location","contact_name","contact_number","end_time","location_address","location_address_address","location_address_city","location_address_state","location_address_zip","performing_artist","presenting_organization","start_time","supervisor_district","year"
"1","301","2028","24345","2017-07-03T00:00:00.000","Cudahy Park","Victor Santiago","323-773-5143","10:00 PM","POINT (-118.174641 33.959696)","5220 Santa Ana Street","Cudahy","CA","90201","Susie Hansen Latin Band","City of Cudahy","4:00 PM","1","2017"
"1","288","1704","8895","2017-07-20T00:00:00.000","Cesar E. Chavez Amphitheater (Morgan Park)","April Nava","(626) 813-5245","9:00 PM","POINT (-117.964749 34.0864)","4100 Baldwin Park Blvd","Baldwin Park","CA","91706","Mariachi Espectacular","City of Baldwin Park","7:00 PM","1","2017"
"3","93","478","25713","2017-10-14T00:00:00.000","18th Street Arts Center","Sue Bell Yank","3104533711 ext 104","4:00 PM","POINT (-118.477398 34.023281)","1639 18th Street","Santa Monica","CA","90404","Cuñao","18th Street Arts Center","1:00 PM","3","2017"
"4","286","145","26325","2017-09-09T00:00:00.000","Avalon Library","Morgan Pershing","310-510-1050","4:30 PM","POINT (-118.326975 33.342826)","215 Sumner Avenue","Avalon","CA","90704","Carol Bach y Rita","County of Los Angeles Public Library","3:00 PM","4","2017"
"3","33","533","25072","2017-10-15T00:00:00.000","Topanga Community Club (or Topanga Community Center)","Kelly Rockwell","(424) 202-0920","7:00 PM","POINT (-118.591102 34.112457)","1440 N Topanga Canyon Blvd","Topanga","CA","90290","Urban Renewal Project","Topanga Community Center","4:00 PM","3","2017"
"1","287","2316","8894","2017-07-13T00:00:00.000","Memorial Park","Adrian Martinez","(626) 812-5195","9:00 PM","POINT (-117.913564 34.127075)","320 N Orange Pl","Azusa","CA","91702","Upstream","City of Azusa Recreation and Family Services Department","7:00 PM","1","2017"
"2","174","991","22350","2017-07-22T00:00:00.000","Bethune Park","Maurice Hunter","(323) 846-1895","9:00 PM","POINT (-118.253087 33.98432)","1244 E 61st Street","LA","CA","90001","Os Zagueiros","County of Los Angeles Dept of Parks and Recreation","7:00 PM","2","2017"
"2","168","654","24350","2017-10-07T00:00:00.000","East Rancho Dominugez Library","Camille Ray","(310) 632-9664","2:00 PM","POINT (-118.193644 33.894251)","4420 E Rose St","East Rancho Dominguez","CA","90221","Upstream","East Rancho Dominguez Library","1:00 PM","2","2017"
"4","315","1932","25724","2017-07-27T00:00:00.000","La Mirada Creek Park","Lisa Montoya","(562) 902-3125","8:30 PM","POINT (-117.994394 33.922716)","12021 Santa Gertrudes Avenue","La Mirada","CA","90638","Mariachi Espectacular","City of La Mirada","6:30 PM","4","2017"
"4","91","1911","25736","2017-07-15T00:00:00.000","Santa Fe Springs City Library","Joyce Ryan","562-868-7738","8:30 PM","POINT (-118.084187 33.946492)","11700 Telegraph Rd","Santa Fe Springs","CA","90670","INCA, the Peruvian Ensemble","Santa Fe Springs City Library","7:00 PM","4","2017"
"1","162","1960","23441","2017-07-27T00:00:00.000","Salazar Park","Lizette Andrade","323260-2330","9:00 PM","POINT (-118.189997 34.023918)","3864 Whittier Blvd","LA","CA","90023","Mariachi Espectacular","los anges County Departmant of Parks and Recreation/ Salazar Park","7:00 PM","1","2017"
"4","262","2186","25724","2017-07-22T00:00:00.000","South Whittier Library","Oscar Villagomez","562-946-4415","2:00 PM","POINT (-118.023537 33.926287)","11543 Colima Rd","Whittier","CA","90604","Wildwood Highway","South Whittier Library","1:00 PM","4","2017"
"1","87","1833","10133","2017-09-23T00:00:00.000","Rosemead Library","Steve Smith","(626) 573-5222","3:00 PM","POINT (-118.077092 34.080694)","8800 Valley Blvd","Rosemead","CA","91770","INCA, the Peruvian Ensemble","Rosemead Library","2:00 PM","1","2017"
"1","442","692","24352","2017-08-20T00:00:00.000","Levitt Pavilion Los Angeles at MacArthur Park","Sharon Yazowski","(213) 201-6109","8:00 PM","POINT (-118.276395 34.060206)","2230 W 6th St","LA","CA","90057","Lucky Diaz and The Family Jam Band","Mortimer & Mimi Levitt Foundation","6:30 PM","1","2017"
"1","301","1929","24345","2017-08-01T00:00:00.000","Clara Expansion Park","Victor Santiago","(323) 773-5143","8:00 PM","POINT (-118.18132 33.964997)","4835 Clara Street","Cudahy","CA","90201","De'Anza","City of Cudahy","6:00 PM","1","2017"
"2","198","1026","25424","2017-09-16T00:00:00.000","Lennox Library","Jessica Romero","(310) 674-0385","4:00 PM","POINT (-118.352139 33.938197)","4359 Lennox Blvd","Lennox","CA","90304","Mariachi Espectacular","Lennox Library","3:00 PM","2","2017"
"2","115","1091","24355","2017-09-16T00:00:00.000","Athens Park","Melvin Pinkney","310-603-8307","3:00 PM","POINT (-118.278296 33.918217)","12603 S Broadway","Los Angeles","CA","90061","Conjunto Jardin","County of Los Angeles Dept of Parks and Recreation","1:00 PM","2","2017"
"2","228","703","24349","2017-08-19T00:00:00.000","Campanella Park","Craig Newman","310-603-3720","8:00 PM","POINT (-118.260999 33.897883)","14812 Stanford Ave","Compton","CA","90220","Malynda Hale","Campanella Park / LA County Parks and Recreation","6:00 PM","2","2017"
"4","278","1870","25726","2017-09-27T00:00:00.000","Sorensen Library","Muoy Li","562-695-3979","4:00 PM","POINT (-118.062738 33.979664)","6934 Broadway Ave","Whittier","CA","90606","De'Anza","Sorensen Library","3:00 PM","4","2017"
"5","101","1771","10139","2017-08-19T00:00:00.000","Temple City Library","Charmetria Marshall","626-285-2136","3:00 PM","POINT (-118.056822 34.108541)","5939 Golden West Avenue","Temple City","CA","91780","Cuicani","County of Los Angeles Public Library","2:00 PM","5","2017"
"3","384","1625","23667","2017-07-15T00:00:00.000","LA County Museum of Art","Lauren Samchisen","323.857.6115","7:00 PM","POINT (-118.357831 34.06263)","5905 Wilshire Blvd","Los Angeles","CA","90036","Oscar Hernandez & Alma Libre","LA County Museum of Art","5:00 PM","3","2017"
,,,,"2017-08-22T00:00:00.000","El Camino Real Library","Tiffany Chow","(323) 269-8102","6:30 PM",,"4264 East Whittier Blvd","Los Angeles","CA","90023","De'Anza","County of Los Angeles Public Library","5:30 PM","1","2017"
"4","262","2174","25725","2017-07-22T00:00:00.000","Adventure County Park","Dingo Cabral","562-6987645","8:30 PM","POINT (-118.036384 33.943066)","10130 Gunn Ave","Whittier","CA","90605","Sgt. Pepper","County of Los Angeles Dept of Parks and Recreation","7:00 PM","4","2017"
"2","304","779","24684","2017-10-07T00:00:00.000","Nakaoka Community Center","Evette Benjamin","310-217-6175","3:00 PM","POINT (-118.306315 33.883775)","1670 West 162nd Street","Gardena","CA","90247","Hodads","CIty of Gardena","9:00 AM","2","2017"
"2","13","973","25421","2017-09-16T00:00:00.000","Crozier Middle School","Teresa Estrada","310-412-5396","5:00 PM","POINT (-118.355631 33.964416)","120 W Regent Street","Inglewood","CA","90301","Mariachi Divas","City of Inglewood","11:00 AM","2","2017"
"2","114","668","23675","2017-08-12T00:00:00.000","Helen Keller Park","Jonathan Aguirre","323-241-6702","10:00 PM","POINT (-118.291833 33.918736)","12521 S Vermont Ave","Los Angeles","CA","90044","Michael Haggins Group","County of Los Angeles Dept of Parks and Recreation","6:00 PM","2","2017"
"1","104","2297","10145","2017-09-09T00:00:00.000","Walnut Library","Cheryl Lui","(909) 595-0757","4:00 PM","POINT (-117.843354 34.025698)","21155 La Puente Rd","Walnut","CA","91789","Aaron & Jane Music","Walnut Library","2:00 PM","1","2017"
"4","212","2050","26323","2017-07-01T00:00:00.000","Artesia Library, County of Los Angeles Public Library","Barbara Nightingale","(562) 865-6614","3:00 PM","POINT (-118.079696 33.860974)","18722 Clarkdale Avenue","Artesia","CA","90701","Sista Jean & CB","Artesia Library","2:00 PM","4","2017"
"5","92","1859","3220","2017-09-28T00:00:00.000","South Pasadena Public Library","Howard Spector","310-741-7650","6:30 PM","POINT (-118.154975 34.11475)","1115 El Centro Street","South Pasadena","CA","91030","Teresa James and the Rhythm Tramps","South Pasadena Arts Council","5:00 PM","5","2017"
"4","19","86","3704","2017-10-14T00:00:00.000","Cesar Chavez Park","Isaac Salgado","(562) 972-9778","5:00 PM","POINT (-118.20184 33.771699)","401 Golden Ave","Long Beach","CA","90802","Opa Opa","Willmore City Heritage","2:00 PM","4","2017"
"1","100","772","25071","2017-07-21T00:00:00.000","South Gate Park","Armando Ayala","323-357-9636","8:00 PM","POINT (-118.187842 33.946597)","9520 Hildreth Ave","South Gate","CA","90280","Susie Hansen Latin Band","City of South Gate, Parks and Recreation Dept","6:00 PM","1","2017"
"5","38","1698","10137","2017-07-22T00:00:00.000","San Gabriel Library","Fiona Reimers","626-287-0761","3:00 PM","POINT (-118.09958 34.095579)","500 S Del Mar Ave","San Gabriel","CA","91776","Jason Arimoto","County of Los Angeles Public Library","2:00 PM","5","2017"
"4","76","2150","25734","2017-09-09T00:00:00.000","Norwalk Public Library","Rama Shah","562-868-0775","3:00 PM","POINT (-118.069236 33.917078)","12350 Imperial Hwy","Norwalk","CA","90650","Finger Dancers","County of Los Angeles Public Library","2:00 PM","4","2017"
"3","292","1339","24346","2017-10-08T00:00:00.000","Promenade Terrace at the Wallis Annenberg Center for the Performing Arts","Debra Bronow","310-246-3800","5:30 PM","POINT (-118.401689 34.071921)","9390 N Santa Monica Blvd","Beverly Hills","CA","90210","The Urban Renewal Project","Wallis Annenberg Center for the Performing Arts","4:00 PM","3","2017"
"1","83","2237","10125","2017-08-12T00:00:00.000","Officer Shaun Diamond Plaza","Linda Farman","909-469-1121","10:00 PM","POINT (-117.751237 34.057825)","201 W 2nd Street","Pomona","CA","91766","Floyd & the Flyboys","Downtown Pomona Owners Association","7:00 PM","1","2017"
"5","305","1651","3636","2017-08-09T00:00:00.000","Verdugo Park","Sevag Garabetian","818-548-3773","8:30 PM","POINT (-118.229119 34.17129)","1621 Canada Blvd","Glendale","CA","91208","Orquesta Charangoa","City of Glendale,Community Services and Parks Dept","6:30 PM","5","2017"
"1","345","1665","23672","2017-10-07T00:00:00.000","Center for the Arts Eagle Rock (CFAER)","Melinda Ann Farrell","323-561-3044 x225","11:00 PM","POINT (-118.214975 34.139261)","2225 Colorado Blvd","Los Angeles","CA","90041","El-Haru Kuroi","Eagle Rock Cultural Association","8:00 PM","1","2017"
"1","105","1683","10146","2017-08-17T00:00:00.000","West Covina Civic Center","Nikole Bresciani","(626) 939-8456","9:00 PM","POINT (-117.938853 34.072144)","1444 West Garvey Avenue South","West Covina","CA","91790","Sgt. Pepper","West Covina Community Services Foundation, Inc.","6:00 PM","1","2017"
"4","76","2160","25734","2017-08-02T00:00:00.000","City of Norwalk Civic Center Lawn","Pati Garcia","(562) 929-5521","9:00 PM","POINT (-118.072508 33.915595)","12700 Norwalk Blvd","Norwalk","CA","90650","Mariachi Divas","City of Norwalk","7:00 PM","4","2017"
"4","299","2070","26324","2017-07-12T00:00:00.000","Don Knabe Regional Park (Formerly- Cerritos Regional Park)","Angel Baltazar","562-924-5144","9:00 PM","POINT (-118.063364 33.849175)","19700 S Bloomfield Ave","Cerritos","CA","90703",,"County of Los Angeles Dept of Parks and Recreation","7:00 PM","4","2017"
"1","349","1840","23449","2017-10-21T00:00:00.000","Huntington Drive","Angie De La Torre","323-304-1232","10:00 PM","POINT (-118.174182 34.087819)","4976 Huntington Drive South","Los Angeles","CA","90032","Marisa Rondstadt and the Know-It-Alls","El Sereno Community Arts","3:00 PM","1","2017"
"3","106","1486","24034","2017-07-09T00:00:00.000","Kings Road Park","Michael Che","(323) 848-6377","6:30 PM","POINT (-118.371733 34.089099)","1000 N Kings Road","West Hollywood","CA","90069","Jack's Cats","City of West Hollywood","5:00 PM","3","2017"
"5","92","1859","3220","2017-08-06T00:00:00.000","Garfield Park","Anthony Kim","(626) 403-7382","7:00 PM","POINT (-118.147869 34.115106)","1000 Park Avenue","South Pasadena","CA","91030","Opa Opa","City of South Pasadena - Community Services Department","5:00 PM","5","2017"
"5","306","1853","2451","2017-07-19T00:00:00.000","Duarte Park","Lupe Valerio","(626)3577931)","8:30 PM","POINT (-117.976472 34.137459)","1344 Bloomdale Ave","Duarte","CA","91010","Sgt. Pepper","City of Duarte","6:30 PM","5","2017"
"1","15","1974","9324","2017-08-01T00:00:00.000","La Puente Park","Angel Morales","(626) 8551558)","8:30 PM","POINT (-117.951127 34.026159)","501 N Glendora Ave","La Puente","CA","91744","Yari More Latin Band","City of La Puente","6:30 PM","1","2017"
"2","174","879","22350","2017-08-03T00:00:00.000","Roosevelt Park","Charlotte Robinson-Perkins","(323) 586-7217","10:00 PM","POINT (-118.243026 33.970204)","7600 graham avenue","LA","CA","90001","Conjunto Jardin","County of Los Angeles Dept of Parks and Recreation","6:00 PM","2","2017"
"3","1","358","4276","2017-10-14T00:00:00.000","Reyes Adobe Park","Amy Brink","(818) 597-7300","4:30 PM","POINT (-118.783314 34.15622)","30400 Rainbow View Drive","Agoura Hills","CA","91301","Whiskey Sunday","City of Agoura Hills","2:30 PM","3","2017"
"2","362","1151","23678","2017-07-13T00:00:00.000","Jesse Owens Park","Reggie Hamilton","323-241-6704","8:00 PM","POINT (-118.309002 33.946143)","9651 S Western Ave","LA","CA","90047","Michael Haggins Group","Jesse Owens park","6:00 PM","4","2017"
"4","262","2185","25725","2017-08-01T00:00:00.000","Amelia Mayberry Park","Marisela Mena","562-944-9727","8:30 PM","POINT (-118.051187 33.92914)","13201 E Meyer Rd","Whittier","CA","90605","Conjunto Jardin","County of Los Angeles Dept of Parks and Recreation","6:30 PM","4","2017"
"1","307","1740","9311","2017-07-19T00:00:00.000","Tony Arceo Memorial Park","Victoria Burl","626-580-2204","8:30 PM","POINT (-118.035905 34.065046)","3125 Tyler Avenue","El Monte","CA","91731","Mariachi Divas","City of El Monte","6:30 PM","5","2017"
"4","86","61","25067","2017-09-30T00:00:00.000","Peninsula Center Library","Laura Ishizaka","310-377-9584 ext. 215","3:00 PM","POINT (-118.369894 33.770911)","701 Silver Spur Road","Rolling Hills Estates","CA","90274","Cuicani","Palos Verdes Library District","2:00 PM","4","2017"
"2","274","874","24351","2017-07-22T00:00:00.000","Ladrea Park","Melvin Pinkney","310) 603-8307","3:00 PM","POINT (-118.358919 33.986423)","6027 Ladera park Ave","Los Angeles","CA","90056","Nichelle Monroe & Butterfly","County of Los Angeles Dept of Parks and Recreation","1:00 PM","2","2017"
"5","81","1734","3229","2017-07-23T00:00:00.000","Levitt Pavilion Pasadena","Renee Bodie","(818) 621-8309","10:00 PM","POINT (-118.148636 34.147641)","85 E Holly Street","Pasadena","CA","91103","Lao Tizer Band","Friends of the Levitt Pavilion - Greater Los Angeles & Pasadena","8:00 PM","5","2017"
"1","162","2075","24028","2017-09-20T00:00:00.000","City Terrace Library","Gabriela Torres","323-261-0295","5:00 PM","POINT (-118.178146 34.055694)","4025 E City Terrace Drive","Los Angeles","CA","90063","Nancy Sanchez","City Terrace Library","4:00 PM","1","2017"
"2","174","991","22350","2017-07-15T00:00:00.000","Bethune Park","Maurice Hunter","(323) 846-1895","9:00 PM","POINT (-118.253087 33.98432)","1244 E 61st Street","LA","CA","90001","Big Papa & the TCB","County of Los Angeles Dept of Parks and Recreation","7:00 PM","2","2017"
"1","105","1683","10146","2017-10-14T00:00:00.000","West Covina Library","Wen Wen Zhang","626-962-3541","3:00 PM","POINT (-117.940774 34.070752)","1601 West Covina Parkway","West Covina","CA","91790","El-Haru Kuroi","West Covina Library","2:00 PM","1","2017"
"1","64","689","23074","2017-10-21T00:00:00.000","Art Share Los Angeles","Cheyanne Sauter","(213) 687-4278","5:00 PM","POINT (-118.236417 34.044361)","801 E 4th Place","LA","CA","90013","Other Mother Brother Band","Art Share Los Angeles","2:00 PM","1","2017"
"5","305","1533","3634","2017-09-16T00:00:00.000","Brand Boulevard","Jess Castillo","818-243-2611","10:00 PM","POINT (-118.25496 34.148787)","216 North Brand Boulevard","Glendale","CA","91203","Boogaloo Assassins","Glendale Arts","2:00 PM","5","2017"
,,,,"2017-08-05T00:00:00.000","Val Verde park","Mari Roman","(661) 257-4014","9:00 PM",,"30300 W Arlington Rd","Val Verde","CA","91384","Upstream","County of Los Angeles Dept of Parks and Recreation","7:00 PM","5","2017"
"1","162","1931","24028","2017-07-27T00:00:00.000","City Terrace Park","Alice Gonzales","(323)2602371)","9:00 PM","POINT (-118.179367 34.049492)","1126 N Hazard Ave","Los Angeles","CA","90063","Mariachi Divas","County of Los Angeles Dept of Parks and Recreation","7:00 PM","1","2017"
"5","81","1734","3229","2017-08-08T00:00:00.000","Memorial Park Bandshell","Marie Cantor","626-685-6709","7:00 PM","POINT (-118.148636 34.147641)","85 E Holly Street","Pasadena","CA","91103","Paddy's Pig","Pasadena Senior Center","6:00 PM","5","2017"
"5","47","259","19353","2017-09-16T00:00:00.000","Castaic Regional Sports Complex","Leah Ferrassoli","661-775-8865","10:00 PM","POINT (-118.614523 34.483198)","31230 Castaic Road","Castaic","CA","91384","Hodads","LA County","6:00 PM","5","2017"
"3","421","1451","18912","2017-07-08T00:00:00.000","El Cariso Community Regoinal Park","Sandra Chapman","818-367-5043","9:30 PM","POINT (-118.416865 34.319383)","13100 Hubbard Street","Sylmar","CA","91342","Floyd & the Flyboys","County of Los Angeles Dept of Parks and Recreation","7:30 PM","3","2017"
"1","442","692","24352","2017-07-08T00:00:00.000","Levitt Pavilion Los Angeles at MacArthur Park","Sharon Yazowski","(213) 201-6109","9:00 PM","POINT (-118.276395 34.060206)","2230 W 6th St","LA","CA","90057","Western Standard Time Ska Orchestra","Mortimer & Mimi Levitt Foundation","7:30 PM","1","2017"
"4","102","815","25717","2017-08-19T00:00:00.000","Gazebo at Wilson Park","Eve Rappoport","310-618-2380","6:00 PM","POINT (-118.328549 33.826224)","2200 Crenshaw Blvd","Torrance","CA","90503","The Bonedaddys","City of Torrance","4:00 PM","4","2017"
,,,,"2017-09-20T00:00:00.000","Quartz Hill Library","Vickie Raymundi","661-943-0872","4:30 PM",,"5040 W Ave","Quartz Hill","CA","93536","Nancy Sanchez","Quartz Hill Library","3:30 PM","5","2017"
"1","307","1740","9311","2017-08-05T00:00:00.000","El Monte Library","Maribel Lopez","(626) 444-9506","3:00 PM","POINT (-118.035976 34.067072)","3224 Tyler Ave","El Monte","CA","91731","Upstream","El Monte Library","2:00 PM","1","2017"
"4","76","2161","25734","2017-07-06T00:00:00.000","Norwalk Senior Center","Daniel Abrego","562 929 5666","9:00 PM","POINT (-118.080622 33.903948)","14040 San Antonio Dr","Norwalk","CA","90650","The Kings of 88","City of Norwalk Senior Center","5:00 PM","4","2017"
"4","212","2115","26323","2017-07-13T00:00:00.000","A.J. Padelford Park","Jose J. Martinez","(562) 407-1723","8:00 PM","POINT (-118.079886 33.877461)","11870 169th Street","Artesia","CA","90701","Nancy Sanchez","City of Artesia","6:30 PM","4","2017"
"3","71","250","25063","2017-10-25T00:00:00.000","Malibu Library","Melissa Stallings","(310) 456-6438","4:30 PM","POINT (-118.689978 34.036115)","23519 W Civic Center Way","Malibu","CA","90265","Lucky Diaz and The Family Jam Band","Malibu Library","3:30 PM","3","2017"
"5","112","1808","2443","2017-10-14T00:00:00.000","Altadena Library","Mindy Kittay","(626) 798-0833","8:30 PM","POINT (-118.137033 34.189559)","600 E Mariposa St","Altadena","CA","91001","Upstream","Altadena Library District","6:30 PM","5","2017"
"1","442","692","24352","2017-08-05T00:00:00.000","Levitt Pavilion Los Angeles at MacArthur Park","Sharon Yazowski","(213) 201-6109","9:00 PM","POINT (-118.276395 34.060206)","2230 W 6th St","LA","CA","90057","Boogaloo Assassins","Mortimer & Mimi Levitt Foundation","7:30 PM","1","2017"
,,,,"2016-08-06T00:00:00.000","Burke-Ham Park","Mark Flores","310-603-0220","8:30 PM",,"11832 Atlantic Avenue (at Agnes Ave","Lynwood","CA","90262","Buyepongo ","City of Lynwood, Recreation Department","7:00 PM","2","2016"
,,,,"2016-08-07T00:00:00.000","Graham Library-County of Los Angeles Public Library","Gabriela Torres","3235822903","5:00 PM",,"1900 East Firestone Avenue","Los Angeles","CA","90001","Andres Flores y Los Hijos de Jose","County of Los Angeles Public Library - Graham Library","4:00 PM","2","2016"
,,,,"2016-08-21T00:00:00.000","Monteith Park ","Kevin Murray","323-298-6038","5:00 PM",,"Monteith Drive","Los Angeles","CA","90043","Dawn Norlfeet","L.A. County Department of Parks and Recreation ","3:00 PM","2","2016"
,,,,"2016-09-17T00:00:00.000","West Creek Park","Leah Ferrassoli","661-775-0823","10:00 PM",,"24247 Village Circle W","Saugus","CA","91354","The Eric Ekstrand Ensemble ","Los Angeles County Department of Parks and Recreation","6:00 PM","5","2016"
,,,,"2016-09-03T00:00:00.000","Tesoro Adobe Historic Park","Amanda Falk","661-702-8953","8:00 PM",,"29350 Avenida","Valencia","CA","91354","Evan Brown","Tesoro Adobe Historic Park","6:00 PM","5","2016"
,,,,"2016-09-24T00:00:00.000","Johnny Carson Park","Cynthia Pease","818-257-0733","7:00 PM",,"4000 South Bob Hope Drive","Burbank","CA","91505","Kenny Sara & The Sounds of New Orleans","City of Burbank Cultural Arts Commission","4:00 PM","5","2016"
"5","264","208","19351","2016-06-18T00:00:00.000","Stevenson Ranch Library","Matt Gill","661-255-2707","3:00 PM","POINT (-118.573962 34.392288)","25950 The Old Road","Stevenson Ranch","CA","91381","Mahadev","County of Los Angeles Public Library - Stevenson Ranch Library","2:00 PM","5","2016"
"4","76","2150","25734","2016-07-30T00:00:00.000","Norwalk Library","Andrea Crow","562-868-0775","2:00 PM","POINT (-118.069236 33.917078)","12350 Imperial Hwy","Norwalk","CA","90650","Brasil Brazil","County of Los Angeles Public Library - Norwalk Library","1:00 PM","4","2016"
"5","194","2211","27334","2016-07-22T00:00:00.000","Stephen Sorensen Park","Jeff Dorst","661-940-7701","9:00 PM","POINT (-117.82993 34.616496)","16801 East Avenue","Lake Los Angeles","CA","93591","Floyd & the Flyboys","Los Angeles County Department of Parks and Recreation","7:00 PM","5","2016"
"1","289","1036","24345","2016-08-25T00:00:00.000","Treder Park","Gabino C. Luna","323-773-1596","9:00 PM","POINT (-118.188847 33.979983)","6250 Pine Ave","Bell","CA","90201","Viento Callejero","City of Bell","7:00 PM","1","2016"
"3","37","383","18910","2016-08-28T00:00:00.000","San Fernando Recreation Park","Virginia Diediker","818-361-7155","8:30 PM","POINT (-118.434588 34.281101)","208 Park Ave","San Fernando","CA","91340","Buyepongo","City of San Fernando, Inc.","6:30 PM","3","2016"
"3","384","1625","23667","2016-08-05T00:00:00.000","Los Angeles County Museum of Art","Claire Kim-Shin","323-857-6115","8:00 PM","POINT (-118.357831 34.06263)","5905 Wilshire Blvd","Los Angeles","CA","90036","Dale Fielder Quartet","Museum Associates dba LA County Museum of Art","6:00 PM","3","2016"
"4","278","1870","25726","2016-10-12T00:00:00.000","Sorensen Library","Muoy Li","562-695-3979","4:00 PM","POINT (-118.062738 33.979664)","6934 Broadway Ave","Whittier","CA","90606","Jason Arimoto","Sorensen Library","3:00 PM","4","2016"
"4","102","821","25718","2016-07-23T00:00:00.000","Columbia Park","Eve Rappoport","310-618-2380","6:00 PM","POINT (-118.344404 33.858295)","4045 190th Street","Torrance","CA","90503","Lisa Haley & the Zydekats","City of Torrance","4:00 PM","4","2016"
"2","377","858","22725","2016-06-26T00:00:00.000","Leimert Park Plaza and Park","Mamie Funahashi","213-346-3202","8:00 PM","POINT (-118.330168 34.005051)","4343 Leimert Blvd","Los Angeles","CA","90008","ADAAWE","Community Partners FBO LA Commons","7:00 PM","2","2016"
"4","315","1932","25724","2016-07-28T00:00:00.000","La Mirada Creek Park","Lisa Montoya","562-902-3125","8:30 PM","POINT (-117.994394 33.922716)","12021 Santa Gertrudes Avenue","La Mirada","CA","90638","Shane Henry","City of La Mirada","6:30 PM","4","2016"
"4","262","2174","25725","2016-08-02T00:00:00.000","Adventure County Park","Dingo Cabral","562-698-7645","8:00 PM","POINT (-118.036384 33.943066)","10130 Gunn Ave","Whittier","CA","90605","Murphy's Flaw","Los Angeles County Department of Parks and Recreation","6:00 PM","4","2016"
"5","112","1808","2443","2016-10-08T00:00:00.000","Altadena Library","Mindy Kittay","626-798-0833","8:30 PM","POINT (-118.137033 34.189559)","600 E Mariposa St","Altadena","CA","91001","UPSTREAM","Altadena Library District","6:30 PM","5","2016"
"4","58","456","25074","2016-10-09T00:00:00.000","Burton Chace Park","Monica-Sarah Roldan","310-305-9548","4:00 PM","POINT (-118.444032 33.977946)","13650 Mindanao Way","Marina del Rey","CA","90292","Susie Hansen Latin Band","Los Angeles County Department of Beaches & Harbors","11:00 AM","4","2016"
"2","9","802","24678","2016-08-26T00:00:00.000","Veterans Park","Susan Obrow","310-253-6628","5:30 PM","POINT (-118.402106 34.0134)","4117 Overland Avenue","Culver City","CA","90230","Upstream ","City of Culver City","4:30 PM","2","2016"
"5","159","1850","2451","2016-07-14T00:00:00.000","Pamela County Park","Irving Montenegro","626-821-4619","8:00 PM","POINT (-117.994284 34.123518)","2236 Goodall Ave","Duarte","CA","91010","Conjunto Jardín","Arcadia County Park","6:00 PM","5","2016"
"5","187","1530","4275","2016-09-03T00:00:00.000","La Crescenta Library","Marta Wiggins","818-248-5314","4:00 PM","POINT (-118.240654 34.224587)","2809 Foothill Blvd","La Crescenta","CA","91214","Finger Dancers","County of Los Angeles Public Library","2:00 PM","5","2016"
"5","305","1651","3636","2016-08-03T00:00:00.000","Verdugo Park","Sevag Garabetian","818-548-3773","8:30 PM","POINT (-118.229119 34.17129)","1621 Canada Blvd","Glendale","CA","91208","Incendio","City of Glendale, Community Services and Parks Department","6:30 PM","5","2016"
"1","162","1960","23441","2016-08-11T00:00:00.000","Salazar Park","Lizette Andrade","323-260-2330","9:00 PM","POINT (-118.189997 34.023918)","3864 Whittier Blvd","Los Angeles","CA","90023","Viento Callejero","Los Angeles County Departmant of Parks and Recreation - Salazar Park","7:00 PM","1","2016"
"5","264","208","19351","2016-07-17T00:00:00.000","Rivendale Park & Open Space","David Stears","661-799-3378","9:00 PM","POINT (-118.554443 34.356585)","24255 The Old Road","Santa Clarita","CA","91321","Whiskey Sunday","Santa Clarita Shakespeare Festival","4:00 PM","5","2016"
"4","181","2127","9325","2016-08-12T00:00:00.000","Hacienda Heights Community Center","Olivia Perea","626-333-3250","8:00 PM","POINT (-117.979297 34.013208)","1234 Valencia Ave","Hacienda Heights","CA","91745","Big Papa and The TCB","Hacienda Heights Community Center","6:00 PM","4","2016"
"4","108","1963","25721","2016-08-20T00:00:00.000","The Whole Place @ First Christian Church","Ted Knoll","562-652-9323","4:00 PM","POINT (-118.037358 33.983017)","6355 Greenleaf Ave","Whittier","CA","90601","El-Haru Kuroi","Global Spirit 21","2:00 PM","4","2016"
"5","231","256","26967","2016-07-16T00:00:00.000","George Lane Park","Jeff Dorst","661-940-7701","9:00 PM","POINT (-118.22816 34.6416)","5520 W Avenue","Quartz Hill","CA","93536","Mark ""Pocket"" Goldberg ","Los Angeles County Department of Parks and Recreation","7:00 PM","5","2016"
"1","15","1974","9324","2016-07-27T00:00:00.000","La Puente Park","Angel Morales","626-855-1558","8:30 PM","POINT (-117.951127 34.026159)","501 N Glendora Ave","La Puente","CA","91744","Mariachi Espectacular","City of La Puente","6:30 PM","1","2016"
"3","22","1637","24346","2016-08-07T00:00:00.000","Tree People S. Mark Taper Foundation Amphitheatre","Jeremy Koff","818-219-6273","11:00 PM","POINT (-118.407439 34.129406)","12601 Mulholland Drive","Beverly Hills","CA","90210","Shane Henry","Tree People Inc and Koffeehouse Music","8:00 PM","3","2016"
"1","74","2191","25733","2016-07-30T00:00:00.000","Montebello Library","Beth Krupsaw","323-722-6551","3:00 PM","POINT (-118.115798 34.019309)","1550 W Beverly Blvd","Montebello","CA","90650","De'Anza ","Montebello Library","2:00 PM","1","2016"
"4","68","650","25064","2016-10-22T00:00:00.000","Josyln Community Center","Martin Betz","424-634-0857","8:00 PM","POINT (-118.409509 33.888489)","1601 Valley Drive","Manhattan Beach","CA","90266","Chuck Johnson/CJS Quartet","City of Manhattan Beach","6:00 PM","4","2016"
"3","71","250","25063","2016-10-21T00:00:00.000","Malibu Library","Melissa Stallings","310-456-6438","4:30 PM","POINT (-118.689131 34.036298)","23519 W Civic Center Way","Malibu","CA","90265","City of Angels Saxophone Quartet","Malibu Library","3:30 PM","3","2016"
"1","287","2316","8894","2016-08-25T00:00:00.000","Memorial Park","Adrian Martinez","626-812-5195","9:00 PM","POINT (-117.913564 34.127075)","320 N Orange Pl","Azusa","CA","91702","Opa Opa","City of Azusa, Recreation and Family Services Department","7:00 PM","1","2016"
"2","316","751","24690","2016-08-06T00:00:00.000","Lawndale Library","Don Gould","310-676-0178","2:00 PM","POINT (-118.353778 33.898831)","14615 Burin Avenue","Lawndale","CA","90260","INCA, the Peruvian Ensemble","Lawndale Library","1:00 PM","2","2016"
"5","81","1734","3229","2016-08-02T00:00:00.000","Memorial Park Bandshell","Cynthia Rosedale","626-685-6759","7:00 PM","POINT (-118.148636 34.147641)","85 E Holly Street","Pasadena","CA","91103","Paddy's Pig","Pasadena Senior Center","6:00 PM","5","2016"
"5","423","1502","3222","2016-08-19T00:00:00.000","McGroarty Arts Center","Robyn Myers","818-352-0865","9:00 PM","POINT (-118.297889 34.250714)","7570 McGroarty Terrace","Tujunga","CA","91042","Cuicani","McGroarty Arts Center","7:00 PM","5","2016"
"5","200","2201","27318","2016-08-06T00:00:00.000","Jackie  Robinson Park","Jeff Dorst","661-940-7701","9:00 PM","POINT (-117.973721 34.523305)","8773 East Avenue","Littlerock","CA","93543","The Lorie Andrews JazHarp Band","Los Angeles County Department of Parks and Recreation","7:00 PM","5","2016"
"5","38","1781","10137","2016-09-16T00:00:00.000","San Gabriel Mission Playhouse","Jonathan Salisbury","626-308-2865","9:00 PM","POINT (-118.109198 34.098528)","320 S Mission Drive","San Gabriel","CA","91776","Yari Moré Latin Band","City of San Gabriel - San Gabriel Mission Playhouse","7:00 PM","5","2016"
"5","306","1853","2451","2016-07-27T00:00:00.000","Duarte Park","Lupe Valerio","626-357-7931","8:30 PM","POINT (-117.976472 34.137459)","1344 Bloomdale Ave","Duarte","CA","91010","Mariachi Divas","City of Duarte","6:30 PM","5","2016"
"4","234","2306","9329","2016-08-04T00:00:00.000","Pathfinder Park","Tim Tuyen","562-691-1624","8:00 PM","POINT (-117.912511 33.967898)","18150 E Pathfinder Road","Rowland Heights","CA","91748","Jungle Fire","Los Angeles County Department of Parks and Recreation","6:00 PM","4","2016"
"1","332","1206","23450","2016-10-01T00:00:00.000","LAC USC Medical Center /The Wellness Center","Rosa Soto","213-784-9252","2:30 PM","POINT (-118.20895 34.06078)","1200 N State Street","Los Angeles","CA","90033","Viento Callejero","LAC USC Medical Center Foundation","1:00 PM","1","2016"
"5","92","1859","3220","2016-10-06T00:00:00.000","South Pasadena Public Library","Howard Spector","310-741-7650","6:30 PM","POINT (-118.154975 34.11475)","1115 El Centro Street","South Pasadena","CA","91030","Wildwood Highway ","South Pasadena Arts Council","5:00 PM","5","2016"
"5","16","2283","9725","2016-07-30T00:00:00.000","La Verne Library","Thomas Cornicelli","909-596-1934","3:00 PM","POINT (-117.765729 34.111919)","3640 D St","La Verne","CA","91750","Maggie McClure","County of Los Angeles Public Library","2:00 PM","5","2016"
"1","280","2044","9314","2016-07-15T00:00:00.000","Whittier Narrows Recreation Area","Louie Guerrero","626-575-5526","9:00 PM","POINT (-118.052669 34.035698)","823 Lexington Gallatin Rd","South El Monte","CA","91733","Yari Moré Latin Band ","Los Angeles County Department of Parks and Recreation - Whittier Narrows Recreation Area","7:00 PM","1","2016"
"5","305","1533","3634","2016-07-14T00:00:00.000","Courtyard of the Alex Theater","Cynthia Pease","818-257-0733","9:00 PM","POINT (-118.25496 34.148787)","216 North Brand Boulevard","Glendale","CA","91203","Dawn Norfleet","Musicians at Play Foundation, Inc.","7:30 PM","5","2016"
"3","421","1451","18912","2016-07-16T00:00:00.000","El Cariso Community Regoinal Park","Sandra Chapman","818-367-5043","8:00 PM","POINT (-118.416865 34.319383)","13100 Hubbard Street","Sylmar","CA","91342","De'Anza","Los Angeles County Department of Parks and Recreation","6:00 PM","3","2016"
"5","264","217","19351","2016-08-15T00:00:00.000","Richard Rioux Memorial Park","Doug Newell","661-222-9536","8:00 PM","POINT (-118.594084 34.389312)","26233 W Faulkner Dr","Stevenson Ranch","CA","91381","Invisible Poet Kings","Los Angeles County Department of Parks and Recreation - Richard Rioux Park","6:00 PM","5","2016"
"3","33","533","25072","2016-08-27T00:00:00.000","Topanga Library","Oleg Kagan","310-455-3480","4:00 PM","POINT (-118.604016 34.090139)","122 N Topanga Canyon Blvd","Topanga","CA","90290","Mahadev","County of Los Angeles Public Library - Topanga Library","2:00 PM","3","2016"
"1","162","1931","24028","2016-07-14T00:00:00.000","City Terrace Park","Alice Gonzales","323-260-2371","9:00 PM","POINT (-118.179367 34.049492)","1126 N Hazard Ave","Los Angeles","CA","90063","Mariachi Espectacular","Los Angeles County Department of Parks & Recreation - City Terrace Park","7:00 PM","1","2016"
"4","76","2161","25734","2016-08-20T00:00:00.000","Norwalk Senior Center","Daniel Abrego","562-929-5666","4:00 PM","POINT (-118.080622 33.903948)","14040 San Antonio Dr","Norwalk","CA","90650","Jumpin' Joz Band ","City of Norwalk Senior Center","1:00 PM","4","2016"
"5","101","1771","10139","2016-08-13T00:00:00.000","Temple City Library","Rama Shah","626-285-2136","12:00 PM","POINT (-118.056822 34.108541)","5939 Golden West Avenue","Temple City","CA","91780","Lisa Haley & the Zydekats","Temple City Library","11:00 AM","5","2016"
"4","262","2185","25725","2016-07-19T00:00:00.000","Mayberry Park","Marisela Mena","562-944-9727","8:30 PM","POINT (-118.051187 33.92914)","13201 E Meyer Rd","Whittier","CA","91744","Mariachi Espectacular","Los Angeles County Department of Parks and Recreation","6:00 PM","4","2016"
"1","14","1763","8895","2016-09-30T00:00:00.000","Santa Fe Dam Recreation Area","Shelia Burns","626-334-1065","10:00 PM","POINT (-117.943796 34.107132)","15501 E Arrow Hwy","Irwindale","CA","91706","De'Anza ","Moonlight Fishing","7:00 PM","1","2016"
"1","74","2191","25733","2016-07-21T00:00:00.000","Montebello City Park Bandshell","Janine Andrade","323-887-4556","8:30 PM","POINT (-118.116599 34.019484)","1600 W Beverly Blvd","Montebello","CA","90640","Mariachi Divas","City of Montebello","6:30 PM","1","2016"
"4","181","1895","9325","2016-09-15T00:00:00.000","Steinmetz Park","MargaretTrujillo","626-934-7041","8:00 PM","POINT (-117.96009 34.002117)","1545 S Stimson Ave","Hacienda Heights","CA","91745","Jumpin' Joz Band ","Los Angeles County Department of Parks and Recreation","6:00 PM","4","2016"
"1","289","1037","24345","2016-08-13T00:00:00.000","Bell Library","Diane Zaher","323-560-2149","3:00 PM","POINT (-118.1885 33.97818)","4411 Gage Ave","Bell","CA","90201","Cuicani","Bell Library","2:00 PM","1","2016"
"4","76","2160","25734","2016-07-20T00:00:00.000","City of Norwalk Civic Center Lawn","Blanche Grove","562-929-5519","9:00 PM","POINT (-118.072508 33.915595)","12700 Norwalk Blvd","Norwalk","CA","90650","Sgt. Pepper","City of Norwalk","7:00 PM","4","2016"
"4","286","145","26325","2016-09-17T00:00:00.000","Avalon Library","Tiffany Chow","310-510-1050","12:00 PM","POINT (-118.326975 33.342826)","215 Sumner Ave","Avalon","CA","90704","Gloria Arjona","County of Los Angeles Public Library - Avalon Library","11:00 AM","4","2016"
"1","87","1833","10133","2016-09-24T00:00:00.000","Rosemead Library","Steve Smith","626-573-5222","3:00 PM","POINT (-118.077092 34.080694)","8800 Valley Blvd","Rosemead","CA","91770","Trio America Music","Rosemead Library","2:00 PM","1","2016"
"2","304","779","24684","2016-10-01T00:00:00.000","Nakaoka Community Center","Evette Wedlow-Benjamin","310-217-6175","3:00 PM","POINT (-118.306315 33.883775)","1670 West 162nd Street","Gardena","CA","90247","Jelly of the Month Club ","City of Gardena Recreation, Human Services, Parks and Facilities","12:00 PM","2","2016"
"1","339","685","22728","2016-10-22T00:00:00.000","Huntington Drive- one city block","Angie De La Torre","323-304-1232","9:00 PM","POINT (-118.23675 34.059533)","1000 N Alameda Street","Los Angeles","CA","90032","El-Haru Kuroi","El Sereno Community Arts, a project of Community Partners","2:00 PM","1","2016"
"1","82","2168","25735","2016-08-05T00:00:00.000","Smith Park","Efrain Lee","562-755-0470","9:00 PM","POINT (-118.08643 33.990129)","9200 Mines Avenue","Pico Rivera","CA","90660","Susie Hansen Latin Band","City of Pico Rivera","7:00 PM","1","2016"
"5","305","1539","3632","2016-09-17T00:00:00.000","Glendale Central Park","Jess Castillo","818-243-2611","9:00 PM","POINT (-118.254933 34.143312)","230 South Brand Blvd","Glendale","CA","91204","Cuicani","Glendale Arts","8:00 PM","5","2016"
"1","105","1683","10146","2016-07-21T00:00:00.000","West Covina Civic Center","Nikole Bresciani","626-939-8456","9:00 PM","POINT (-117.938853 34.072144)","1444 West Garvey Avenue South","West Covina","CA","91790","Marisa Ronstadt & The Know-It-Alls","West Covina Community Services Foundation, Inc.","6:00 PM","1","2016"
"1","100","731","25071","2016-07-08T00:00:00.000","South Gate Park","Armando Ayala","323-357-9636","8:00 PM","POINT (-118.182894 33.947235)","4900 Southern Ave","South Gate","CA","90280","Cuñao","City of South Gate, Parks & Recreation Department","6:00 PM","1","2016"
"4","80","2120","3339","2016-07-14T00:00:00.000","Paramount Park","Steven Coumparoules","562-220-2126","8:30 PM","POINT (-118.16008 33.902283)","14400 Paramount Blvd","Paramount","CA","90723","Mariachi Divas","City of Paramount","6:30 PM","4","2016"
"5","92","1859","3220","2016-08-07T00:00:00.000","Garfield Park","Anthony Kim","626-403-7382","7:00 PM","POINT (-118.147869 34.115106)","1000 Park Avenue","South Pasadena","CA","91030","Susie Hansen Latin Band","City of South Pasadena, Community Services Department ","5:00 PM","5","2016"
"1","288","1704","8895","2016-07-07T00:00:00.000","Cesar E. Chavez Amphitheater (Morgan Park)","April Nava","626-813-5245","9:00 PM","POINT (-117.964747 34.08636)","4100 Baldwin Park Blvd","Baldwin Park",,"91706","Yari Moré Latin Band ","City of Baldwin Park","7:00 PM","1","2016"
"1","361","1482","24030","2016-06-05T00:00:00.000","Sycamore Grove Park","Jain Sekuler","323-646-8331","7:00 PM","POINT (-118.216135 34.116458)","1109 Oneonta Drive","Los Angeles","CA","90065","Yari Moré Latin Band ","Lummis Day Community Foundation","12:30 PM","1","2016"
"3","1","621","4276","2016-09-17T00:00:00.000","Agoura Hills Library","Nina Hull","818-889-2278","3:00 PM","POINT (-118.775792 34.143871)","29901 Ladyface Court","Agoura Hills","CA","91301","City of Angels Saxophone Quartet","County of Los Angeles Public Library - Agoura Hills Library","2:00 PM","3","2016"
"2","13","973","25421","2016-09-17T00:00:00.000","Crozier Middle School","Teresa Estrada","310-412-5396","4:00 PM","POINT (-118.355631 33.964416)","120 W Regent Street","Inglewood","CA","90301","Mariachi Divas","City of Inglewood","2:00 PM","2","2016"
"3","106","1342","23677","2016-08-07T00:00:00.000","Plummer Park","Michael Che","323-848-6377","5:15 PM","POINT (-118.350962 34.09076)","7377 Santa Monica Blvd","West Hollywood","CA","90046","Zetz Klezmer Ensemble","City of West Hollywood","4:00 PM","3","2016"
"5","47","260","19353","2016-09-24T00:00:00.000","Castaic Library","Vickie Raymundi","661-257-7410","3:00 PM","POINT (-118.625306 34.495148)","27971 Sloan Canyon Blvd","Castaic","CA","91384","Andres Flores y Los Hijos de Jose","Castaic Library","2:00 PM","5","2016"
"3","384","1625","23667","2016-08-13T00:00:00.000","Los Angeles County Museum of Art ","Claire Kim-Shin","323-857-6115","7:00 PM","POINT (-118.357831 34.06263)","5905 Wilshire Blvd","Los Angeles","CA","90036","Susie Hansen Latin Band","Museum Associates dba LA County Museum of Art","5:00 PM","3","2016"
"4","43","102","3342","2016-09-25T00:00:00.000","Ports O'Call","Louise Reichlin","213-385-1171","6:30 PM","POINT (-118.27765 33.731254)","1199 Nagoya Way","San Pedro","CA","90731","Wildwood Highway","Los Angeles Choreographers and Dancers","4:30 PM","4","2016"
"2","168","654","24350","2016-08-27T00:00:00.000","East Rancho Dominugez Library","Camille Ray","310-632-9664","2:30 PM","POINT (-118.193644 33.894251)","4420 E Rose St","East Rancho Dominguez","CA","90221","Brasil Brazil","East Rancho Dominguez Library","1:00 PM","2","2016"
"2","174","879","22350","2015-07-30T00:00:00.000","Roosevelt Park","Charlotte Robinson-Perkins","323-586-7217","9:00 PM","POINT (-118.242997 33.972131)","7600 Graham Avenue","Los Angeles","CA","90001","Conjunto Los Pochos","Roosevelt Park","6:00 PM","1","2015"
"5","187","1530","4275","2015-07-18T00:00:00.000","La Crescenta Library","Marta Wiggins","818-248-5314","4:00 PM","POINT (-118.240353 34.224454)","2809 Foothill Blvd","La Crescenta","CA","91214","Gyasi Ross","La Crescenta Library ","2:00 PM","1","2015"
"1","280","2044","9314","2015-09-18T00:00:00.000","Whittier Narrows Recreation Area","David Jallo","626-258-7161","9:30 PM","POINT (-118.054035 34.034713)","750 Santa Anita Ave","South El Monte","CA","91733","Orquesta Charangoa","Whittier Narrows Recreation Area","6:30 PM","4","2015"
"5","81","1750","3224","2015-08-09T00:00:00.000","USC Pacific Asia Museum","Sandra Chen Lau","626-449-2742","4:00 PM","POINT (-118.141406 34.146731)","46 N. Los Robles Ave.","Pasadena","CA","91101","Jason Arimoto","USC Pacific Asia Museum","2:00 PM","5","2015"
"4","108","1964","25721","2015-07-13T00:00:00.000","Central Park","Virginia Santana","562-567-9414","8:30 PM","POINT (-118.033795 33.98162)","6532 Friends Avenue","Whittier","CA","90602","Domingosiete","City of Whittier","7:00 PM","4","2015"
"1","162","1931","24028","2015-07-30T00:00:00.000","City Terrace Park","Alice Gonzales","323-260-2371","9:00 PM","POINT (-118.178986 34.050943)","1126 N. Hazard Ave","Los Angeles","CA","90063","Susie Hansen Latin Band","City Terrace Park","7:00 PM","5","2015"
"5","8","2319","9305","2015-07-20T00:00:00.000","Covina Park","Melody Hynes","626-384-5344","9:00 PM","POINT (-117.894502 34.08381)","301 N. Fourth Avenue","Covina","CA","91723","Sgt. Pepper","City of Covina ","7:30 PM","5","2015"
"4","315","1932","25732","2015-07-30T00:00:00.000","La Mirada Creek Park","Lisa Montoya","562-902-3125","8:30 PM","POINT (-117.994417 33.92196)","12021 Santa Gertrudes Avenue","La Mirada","CA","90638","Iliana Rose Band","City of La Mirada","6:30 PM","1","2015"
"1","162","1966","23440","2015-07-25T00:00:00.000","Saybrook Park","Maria Chavez","323-724-8546","7:00 PM","POINT (-118.136888 34.014229)","6250 East Northside Drive","Los Angeles","CA","90022","Andres Flores y Los Hijos de Jose","Saybrook Park","5:00 PM","1","2015"
"1","389","1376","24030","2015-06-07T00:00:00.000","Sycamore Grove Park","Jain Sekular","323-344-9955","5:40 PM","POINT (-118.218496 34.086851)","4700 N. Figueroa","Los Angeles","CA","90065","Susie Hansen Latin Band","Lummis Day Community Foundation","4:30 PM","1","2015"
"2","168","654","24350","2015-08-22T00:00:00.000","East Rancho Park","Louie Guerrero","310-217-8376","3:00 PM","POINT (-118.193297 33.895523)","15116 S. Atlantic Blvd.","Compton","CA","90221","Conjunto Jardin","East Rancho Park","1:00 PM","1","2015"
"3","384","1625","23667","2015-10-23T00:00:00.000","Los Angeles County Museum of Art","Claire Kim","323-857-6115","8:00 PM","POINT (-118.358837 34.062717)","5905 Wilshire Blvd.","Los Angeles","CA","90036","Dawn Norfleet","Los Angeles County Museum of Art ","6:00 PM","5","2015"
"1","287","2316","8894","2015-08-22T00:00:00.000","Memorial Park","Joe Jacobs","626-812-5220","9:00 PM","POINT (-117.913566 34.126832)","320 N. Orange Place","Azusa","CA","91702","Susie Hansen Latin Band","City of Azusa ","7:00 PM","4","2015"
"5","266","2324","27318","2015-08-08T00:00:00.000","Jackie Robinson Park","Peg Lee","661-944-2880","9:00 PM","POINT (-117.972916 34.572354)","8773 East Avenue R","Littlerock","CA","93543","Michael Haggins Group","Jackie Robinson Park","7:00 PM","2","2015"
"5","306","1853","2451","2015-07-22T00:00:00.000","Duarte Park","Lupe Valerio","(626)357-7931","8:30 PM","POINT (-117.976469 34.137464)","1344 Bloomdale Ave","Duarte","CA","91010","Buyepongo","City of Duarte","6:30 PM","2","2015"
"4","58","456","25074","2015-10-11T00:00:00.000","Burton Chase Park","Monica-Sarah Roldan","310-305-9548","3:00 PM","POINT (-118.440867 33.979395)","13650 Mindanao Way","Marina Del Rey","CA","90292","Orquesta Charangoa","Burton Chace Park","1:00 PM","4","2015"
"2","304","779","24684","2015-10-03T00:00:00.000","Nakaoka Community Center","Evette Wedlow-Benjamin","310-217-6175","2:30 PM","POINT (-118.306508 33.883766)","1670 West 162nd Street","Gardena","CA","90247","Sgt. Pepper","CIty of Gardena ","12:00 PM","4","2015"
"2","377","858","22725","2015-06-28T00:00:00.000","Leimert Park Plaza and Park","Heather Hoggan","323-363-1206","8:00 PM","POINT (-118.330524 34.004597)","4343 Leimert Blvd","Los Angeles","CA","90008","Najite & Olokun Prophecy","LA Commons","6:00 PM","2","2015"
"5","264","208","19351","2015-07-11T00:00:00.000","Rivendale Site in Towsley Canyon","David Stears","661-799-3378","9:30 PM","POINT (-118.554368 34.356397)","24255 The Old Road","Newhall","CA","91321","Buyepongo","Santa Clarita Shakespeare Festival","7:30 PM","5","2015"
"4","212","2115","26323","2015-08-06T00:00:00.000","AJ Padelford Park","Jose Martinez","562-407-1723","8:00 PM","POINT (-118.079929 33.877403)","11870 169th st","Artesia","CA","90701","Conjunto Los Pochos","City of Artesia ","6:30 PM","1","2015"
"5","101","1771","10139","2015-08-08T00:00:00.000","Temple City Library","Grace Yang","626-285-2136","12:00 PM","POINT (-118.056811 34.108354)","5939 Golden West Ave.","Temple City","CA","91780","Finger Dancers","Temple City Library","11:00 AM","2","2015"
"4","76","2161","25734","2015-08-22T00:00:00.000","Norwalk Senior Center","Daniel Abrego","562-929-5580","4:00 PM","POINT (-118.080889 33.903678)","14040 San Antonio Dr","Norwalk","CA","90650","Hound Dog Dave and the Meltones","City of Norwalk Senior Center","1:00 PM","4","2015"
"1","99","2023","9314","2015-08-13T00:00:00.000","Mary Van Dyke Park","Ariana Yanez","626-579-2043","7:00 PM","POINT (-118.046952 34.04967)","1819 Central Ave.","South El Monte","CA","91733","Cunao","City of South El Monte","6:00 PM","5","2015"
"2","362","1151","23678","2015-07-16T00:00:00.000","Jesse Owens park","Reggie Hamilton","323-241-6704","8:00 PM","POINT (-118.309043 33.947406)","9651 S. Western Ave .","Los Angeles","CA","90047","Michael Haggins Group","Jesse Owens Park ","6:00 PM","1","2015"
"4","80","2118","3339","2015-07-10T00:00:00.000","Paramount Park","Steven Coumparoules","562-220-2126","8:00 PM","POINT (-118.160075 33.902762)","14400 Paramount Blvd.","Paramount","CA","90723","Mariachi Divas","City of Paramount","6:00 PM","4","2015"
"5","18","331","26965","2015-07-23T00:00:00.000","Lancaster BLVD - Bandstand Stage","Angela Riley","661-723-6074","8:00 PM","POINT (-118.142677 34.697673)","706 W. Lancaster Blvd","Lancaster","CA","93534","Conjunto Jardin","City of Lancaster","6:00 PM","5","2015"
"5","184","2250","27334","2015-09-05T00:00:00.000","Stephen Sorensen Park","Jeff Dorst","661-940-7701","9:00 PM","POINT (-117.803646 34.601926)","16801 E. Avenue P","Lake Los Angeles","CA","93591","Cunao","Stephen Sorensen Park","7:00 PM","3","2015"
"1","289","1036","24345","2015-07-11T00:00:00.000","Bell Library-County of Los Angeles","Gabriela Torres","323-560-2149","3:00 PM","POINT (-118.188663 33.978227)","4411 E. Gage Avenue","Bell","CA","90201","Andres Flores y Hijos de Jose","Bell Library","2:00 PM","1","2015"
"1","288","1704","8895","2015-07-23T00:00:00.000","Cesar E. Chavez Amphitheater (Morgan Park)","April Nava","626-813-5245 ext 302","9:00 PM","POINT (-117.964787 34.085691)","4100 Baldwin Park Blvd.","Baldwin Park","CA","91706","Mariachi Divas","City of Baldwin Park","7:00 PM","5","2015"
"1","100","772","25071","2015-08-01T00:00:00.000","Leland R. Weaver Library","Grisel Oquendo","323-567-8856","1:45 PM","POINT (-118.201586 33.943788)","4035 Tweedy Blvd.","South Gate","CA","90280","Big Papa and the TCB","Leland R. Weaver Library","1:00 PM","1","2015"
"5","38","1698","10137","2015-09-12T00:00:00.000","San Gabriel Library","Lisa Zimmerman","626-287-0761","4:00 PM","POINT (-118.099546 34.09538)","500 S Del Mar Avenue","San Gabriel","CA","91776","Upstream","San Gabriel Library","2:00 PM","5","2015"
"1","307","1740","9311","2015-07-15T00:00:00.000","Arceo Park","Amber Servin","626-258-8689","8:30 PM","POINT (-118.035966 34.065172)","3125 Tyler Avenue","El Monte","CA","91731","Mariachi Divas","City of El Monte","6:30 PM","1","2015"
"1","339","685","22728","2015-07-18T00:00:00.000","LA Plaza de Cultura y Artes","Ximena Minotta Martin","213-542-6226","8:00 PM","POINT (-118.239631 34.056311)","501 N Main Street","Los Angeles","CA","90012","El Haru Kuroi","LA Plaza de Cultura y Artes","7:00 PM","5","2015"
"5","112","1823","2443","2015-08-07T00:00:00.000","Charles White Park","Meliza Hernandez","626-398-5451","7:30 PM","POINT (-118.152521 34.187667)","77 Mountain View St","Altadena","CA","91001","Maria del Pilar","Charles White Park ","6:30 PM","4","2015"
"5","16","2283","9725","2015-07-11T00:00:00.000","La Verne Library","Tom Cornicelli","909-596-1934","3:00 PM","POINT (-117.76567 34.111898)","3640 D St","La Verne","CA","91750","Finger Dancers","La Verne Library","2:00 PM","5","2015"
"1","105","1705","10146","2015-07-16T00:00:00.000","West Covina Civic Center","Monica Farian","626-290-6151","9:30 PM","POINT (-117.950713 34.070891)","1444 West Garvey Avenue","West Covina","CA","91790","Yari More Latin Band","City of West Covina","7:00 PM","1","2015"
"2","9","802","24678","2015-08-29T00:00:00.000","Veterans Park","Susan Obrow","310-253-6628","9:00 PM","POINT (-118.400952 34.01216)","4117 Overland Avenue","Culver City","CA","90230","The Jumpin' Joz Band","City of Culver City","7:00 PM","3","2015"
"1","345","1665","23672","2015-10-03T00:00:00.000","Colorado Blvd.","Melinda Ann Farrell","323-561-3044","8:00 PM","POINT (-118.21125 34.139262)","Colorado Blvd.","Los Angeles","CA","90041","El Haru Kuroi","Eagle Rock Cultural Association","6:00 PM","5","2015"
"1","307","1740","9311","2015-08-15T00:00:00.000","El Monte Library","Gina Quesenberry","626-444-9506","3:00 PM","POINT (-118.035947 34.067171)","3224 Tyler Avenue","El Monte","CA","91731","Incendio","El Monte Library","2:00 PM","5","2015"
"5","231","190","26967","2015-08-15T00:00:00.000","George Lane Park","Jeff Dorst","661-940-7701","9:00 PM","POINT (-118.22858 34.652863)","5520 W. Avenue L-8","Quartz Hill","CA","93536","Floyd and the Flyboys","George Lane Park","7:00 PM","1","2015"
"4","17","2058","2980","2015-08-08T00:00:00.000","Angelo M. Iacoboni Library","Robert Kitagawa","562-866-1770","3:00 PM","POINT (-118.133747 33.84973)","4990 Clark Avenue","Lakewood","CA","90712","Marisa Ronstadt & the Know-It-Alls","Angelo M. Iacoboni Library","2:00 PM","1","2015"
"5","18","332","26967","2015-07-25T00:00:00.000","Apollo Park","Jeff Dorst","661-940-7701","8:00 PM","POINT (-118.21065 34.733169)","4555 West Ave G","Lancaster","CA","93536","Gyasi Ross","Apollo Park ","6:00 PM","5","2015"
"5","305","1651","3635","2015-07-08T00:00:00.000","Verdugo Park","Sevag Garabetian","818-548-3773","8:30 PM","POINT (-118.22918 34.170103)","1621 Canada Blvd.","Glendale","CA","91208","Orquesta Charangoa","City of Glendale","6:30 PM","5","2015"
"5","219","1","27326","2015-07-17T00:00:00.000","Pearblossom Park","Jeff Dorst","661-940-7701","8:00 PM","POINT (-117.91408 34.501417)","33922 N 121st East","Pearblossom","CA","93553","Chris Ho Band","Pearblossom Park","6:00 PM","2","2015"
"1","82","2168","25735","2015-07-29T00:00:00.000","Pico Rivera Library","Chris Warburton","562-942-7394","8:00 PM","POINT (-118.089917 33.992038)","9001 Mines Avenue","Pico Rivera","CA","90660","Quattrosound","Pico Rivera Library","6:00 PM","3","2015"
"1","15","1974","9324","2015-07-29T00:00:00.000","La Puente Park","Angel Morales","626-855-1558","8:30 PM","POINT (-117.951175 34.026208)","501 N. Glendora Ave.","La Puente","CA","91744","Mariachi Divas","City of La Puente","6:30 PM","1","2015"
"3","106","1486","24034","2015-08-23T00:00:00.000","Kings Road Park","Michael Che","323-848-6377","5:15 PM","POINT (-118.372715 34.09077)","1100 N. Kings Road","West Hollywood","CA","90069","Nutty","City of West Hollywood","4:00 PM","2","2015"
"1","162","1931","24028","2015-08-04T00:00:00.000","Anthony Quinn Public Library","Maribel Lopez","323-264-7715","5:00 PM","POINT (-118.180119 34.040588)","3965 Cesar E. Chavez Ave.","Los Angeles","CA","90063","Upstream","Anthony Quinn Public Library","4:00 PM","2","2015"
"1","83","2237","10125","2015-08-08T00:00:00.000","Officer Shaun Diamond Plaza","Linda Farman","909-469-1121","9:00 PM","POINT (-117.74882 34.057878)","201 W. 2nd Street","Pomona","CA","91766","The Jumpin' Joz Band","Downtown Pomona Owners Association","6:00 PM","4","2015"
"5","92","1859","3220","2015-09-17T00:00:00.000","South Pasadena Public Library","Howard Spector","310-741-7650","8:30 PM","POINT (-118.15477 34.114708)","1115 El Centro","South Pasadena","CA","91030","South of Ziggy","Pasadena Arts Council","7:00 PM","5","2015"
"1","289","1036","24345","2015-08-20T00:00:00.000","Bell Community Center/Treder Park","Connie Hurtado","323-773-1596","9:00 PM","POINT (-118.188773 33.979999)","6250 Pine Ave.","Bell","CA","90201","Viento Callejero","City of Bell","7:00 PM","5","2015"
"5","81","1746","3224","2015-10-09T00:00:00.000","Plaza of the Pasadena Civic Auditorium","Eugene Hutchins","626-844-7703","8:00 PM","POINT (-118.14422 34.144483)","300 E. Green Street","Pasadena","CA","91101","California Feet Warmers","MUSE/IQUE","6:00 PM","2","2015"
"4","76","2160","25734","2015-08-05T00:00:00.000","City of Norwalk Civic Center Lawn","Blanche Grove","562-929-5519","9:00 PM","POINT (-118.072485 33.915496)","12700 Norwalk Boulevard","Norwalk","CA","90650","Mariachi Divas","City of Norwalk","7:00 PM","1","2015"
"4","181","1895","9325","2015-09-17T00:00:00.000","Steinmetz Park","Margaret Trujillo","626-934-7041 or 714-269-6805","8:00 PM","POINT (-117.959887 34.002516)","1545 S. Stimson Ave","Hacienda Heights","CA","91745","Big Papa and the TCB","Steinmetz Park","6:00 PM","5","2015"
"5","97","1720","2841","2015-07-19T00:00:00.000","Memorial Park","Adam Matsumoto","626-355-7135 ext 703","8:00 PM","POINT (-118.05714 34.161844)","222 W. Sierra Madre Blvd.","Sierra Madre","CA","91024","Sgt. Pepper","City of Sierra Madre","6:00 PM","4","2015"
"2","316","751","24690","2015-08-08T00:00:00.000","Lawndale Library","Don Gould","310-676-0178","1:00 PM","POINT (-118.353879 33.898823)","14615 Burin Avenue","Lawndale","CA","90260","Cunao","Lawndale Library","12:00 PM","4","2015"
"5","81","1734","3229","2015-08-11T00:00:00.000","Memorial Park Bandshell","Cynthia Rosedale","626-685-6724","7:00 PM","POINT (-118.148653 34.147679)","85 E. Holly Street","Pasadena","CA","91103","INCA, the Peruvian Ensemble","Pasadena Senior Center","6:00 PM","5","2015"
"4","262","2185","25725","2015-08-04T00:00:00.000","Amelia Mayberry Park","Marisela Mena","562-944-9727","8:00 PM","POINT (-118.050809 33.928909)","13201 E. Meyer Rd.","Whittier","CA","90605","Buyepongo","Amelia Mayberry  Park","6:00 PM","4","2015"
"1","100","731","25071","2015-07-03T00:00:00.000","South Gate Park","Armando Ayala","323-357-9636","8:00 PM","POINT (-118.183287 33.947524)","4900 Southern Ave.","South Gate","CA","90280","Cunao","City of South Gate","6:00 PM","1","2015"
"1","72","1930","25065","2015-08-29T00:00:00.000","Riverfront Park","Aldo Perez","323-562-5744","9:00 PM","POINT (-118.174142 33.985975)","5000 Slauson Ave","Maywood","CA","90270","Viento Callejero","City of Maywood","8:00 PM","2","2015"
"4","278","1870","25726","2015-10-06T00:00:00.000","Sorensen Library","Muoy Li","562-695-3979","4:00 PM","POINT (-118.062588 33.979766)","6934 Broadway Ave","Whittier","CA","90606","Gloria Arjona","Sorensen Library","3:00 PM","1","2015"
"2","228","703","24349","2015-07-11T00:00:00.000","Campanella Park","Craig Newman","310-603-3720","8:00 PM","POINT (-118.261148 33.898508)","14812 Stanford Ave.","Compton","CA","90220","Marisa Ronstadt & The Know it Alls","Campanella Park ","6:00 PM","2","2015"
"2","174","956","22351","2015-07-23T00:00:00.000","Ted Watkins Memorial Park","Tenesha Ware","323-357-3032","9:00 PM","POINT (-118.250429 33.943308)","1335 E. 103rd Street","Los Angeles","CA","90002","Gyasi Ross","Ted Watkins Memorial Park","7:00 PM","5","2015"
"3","37","383","18910","2015-08-30T00:00:00.000","San Fernando Recreation Park","Jazmyn Jasso","818-361-7155","8:30 PM","POINT (-118.434313 34.281227)","208 Park Ave.","San Fernando","CA","91340","The Echo Park Project","City of San Fernando, Inc.","6:30 PM","1","2015"
"4","262","2110","25725","2015-08-18T00:00:00.000","Adventure Park","Dingo Cabral","562-698-7645","8:00 PM","POINT (-118.037766 33.942296)","10130 Gunn Ave","Whittier","CA","90605","Michael Haggins Group","Adventure Park","6:00 PM","3","2015"
"5","272","306","19336","2015-09-19T00:00:00.000","West Creek Park","Leah Ferrassoli","661-775-0823","9:00 PM","POINT (-118.559595 34.457006)","24247 Village Circle W.","Saugus","CA","91354","Eric Ekstrand Ensemble","West Creek Park","6:00 PM","5","2015"
"5","92","1859","3220","2015-08-09T00:00:00.000","Garfield Park","Anthony Kim","626-403-7382","7:00 PM","POINT (-118.14773 34.115408)","1000 Park Avenue","South Pasadena","CA","91030","Louie Cruz Beltran","City of South Pasadena","5:00 PM","4","2015"
"3","384","1625","23667","2015-07-25T00:00:00.000","Los Angeles County Museum of Art","Claire Kim","323-857-6115","7:00 PM","POINT (-118.358837 34.062717)","5905 Wilshire Blvd","Los Angeles","CA","90036","Bobby Matos Afro Latin Jazz Ensemble","Los Angeles County Museum of Art","5:00 PM","2","2015"
"2","13","973","25421","2015-08-22T00:00:00.000","Inglewood City Hall South Lawn","Helen Lessick","310-412-5609","4:00 PM","POINT (-118.355168 33.961787)","1 W. Manchester Blvd.","Inglewood","CA","90301","Sista Jean + CB","City of Inglewood ","1:00 PM","1","2015"
"2","370","861","23674","2015-08-16T00:00:00.000","Monteith Park","Kevin Murray","310-603-8307","5:30 PM","POINT (-118.332906 33.986731)","Monteith Dr & Olympiad Blvd.","Los Angeles","CA","90043","Red Hill Quartet","Monteith Park  ","2:30 PM","1","2015"
"2","198","1025","25424","2015-08-08T00:00:00.000","Lennox Park","Michael Hamilton","310-419-6712","4:00 PM","POINT (-118.359117 33.937921)","10828 S. Condon Ave.","Lennox","CA","90304","Andres Flores y Los Hijos de Jose","Lennox Park ","1:00 PM","5","2015"
"4","43","102","3342","2015-09-20T00:00:00.000","SP ♥ TriArt Festival, Ports O'Call Village","Louise Reichlin","213-385-1171","6:30 PM","POINT (-118.275973 33.730732)","1199 Nagoya Way","San Pedro","CA","90731","Lisa Haley & the Zydekats","LA Choreographers & Dancers, Inc.","4:30 PM","1","2015"
"5","159","1850","2451","2015-08-13T00:00:00.000","Pamela County Park","Irving Montenegro","626-821-4619 or 626-357-1619","8:00 PM","POINT (-117.994431 34.122998)","2236 Goodall Avenue","Duarte","CA","91010","The Singer and The Songwriter","Pamela County Park","6:00 PM","5","2015"
"5","264","217","19351","2015-09-05T00:00:00.000","Richard Rioux Park","Doug Newell","661-222-9536","8:30 PM","POINT (-118.595026 34.389988)","26233 W. Faulkner Drive","Stevenson Ranch","CA","91381","Big Papa and the TCB","Richard Rioux Park","6:30 PM","2","2015"
"3","71","250","25063","2015-08-15T00:00:00.000","Malibu Library","Melissa Stallings","310-456-6438","4:00 PM","POINT (-118.688531 34.036429)","23519 W. Civic Center Way","Malibu","CA","90265","Modal Tease String Band","Malibu Library","2:00 PM","5","2015"
"1","83","2237","10125","2015-08-15T00:00:00.000","dA Center for the Arts","Margaret Aichele","909-397-9716","9:30 PM","POINT (-117.752281 34.057286)","252 S Main Street","Pomona","CA","91766","George Sarah Ensemble","dA Center for the ARTS","8:00 PM","1","2015"
"1","389","1377","23673","2017-06-04T00:00:00.000","Sycamore Grove Park","Jain Sekuler","323-646-8331","7:00 PM","POINT (-118.203081 34.102144)","4802 North Figueroa Street","LA","CA","90042","Adaawe","Lummis Day Community Foundation","12:00 PM","1","2017"
"2","9","810","24678","2017-09-23T00:00:00.000","Culver City Julian Dixon Library","Tracy Anderson","(310) 559-1676","3:00 PM","POINT (-118.39678 34.007866)","4975 Overland Ave","Culver City","CA","90230","Quattro","County of Los Angeles Public Library","2:00 PM","2","2017"
"2","174","1158","22351","2017-07-20T00:00:00.000","Ted Watkins Memorial Park","Tenesha Ware","323 3573032","9:00 PM","POINT (-118.251396 33.94327)","1335 103rd street","LA","CA","90002","Floyd & the Flyboys","Ted Watkins Park","6:00 PM","2","2017"
"4","43","102","3342","2017-09-17T00:00:00.000","CRAFTED at the Port of Los Angeles","Louise Reichlin","213-385-1171","6:00 PM","POINT (-118.279209 33.725899)","112 E 22nd St","San Pedro","CA","90731","Cuñao","Los Angeles Choreographers and Dancers","4:00 PM","4","2017"
"5","187","1530","4275","2017-08-19T00:00:00.000","La Crescenta Library","Marta Wiggins","818-248-5314","4:00 PM","POINT (-118.240654 34.224587)","2809 Foothill Blvd","La Crescenta","CA","91214","Carol Bach y Rita","County of Los Angeles Public Library","2:00 PM","5","2017"
"1","162","1934","24028","2017-07-21T00:00:00.000","Obregon Park","Mac Rodriguez Rodriguez","323-260-2360","8:00 PM","POINT (-118.178366 34.036429)","4021 E 1st Street","Los Angeles","CA","90063","Sgt. Pepper","County of Los Angeles Dept of Parks and Recreation","6:30 PM","1","2017"
"5","264","217","19351","2017-07-15T00:00:00.000","Richard Rioux Park","Doug Newell","661-222-9536","8:30 PM","POINT (-118.594084 34.389312)","26233 W Faulkner Drive","CA","CA","91381","Maggie McClure","County of Los Angeles Dept of Parks and Recreation","6:30 PM","5","2017"
"5","264","208","19351","2017-08-07T00:00:00.000","Rivendale Park & Open Space","David Stears","661-799-3378","10:00 PM","POINT (-118.554746 34.357175)","24255 The Old Road","Santa Clarita","CA","91321","Incendio","Santa Clarita Shakespeare Festival","5:00 PM","5","2017"
"2","274","875","23674","2017-08-20T00:00:00.000","Monteith Park","Kevin Murray","(323) 2986038)","5:30 PM","POINT (-118.337634 33.999145)","4616 S Mullen Avenue","LA","CA","90043","Chuck Johnson/CJS Ouintet","County of Los Angeles Dept of Parks and Recreation","2:30 PM","2","2017"
"4","58","456","25074","2017-10-08T00:00:00.000","Burton Chace Park","Monica-Sarah Roldan","310-305-9548","3:00 PM","POINT (-118.444032 33.977946)","13650 Mindanao Way","Marina del Rey","CA","90292","Orquesta Charangoa","LA County Beaches and Harbors","12:00 PM","4","2017"
"1","280","2044","9314","2017-09-03T00:00:00.000","Whittier Narrows Recreation Area","Louie Guerrero","(626) 575-5526","8:00 PM","POINT (-118.052669 34.035698)","823 Lexington Gallatin Rd","South El Monte","CA","91733","Susie Hansen Latin Band","County of Los Angeles Dept of Parks and Recreation","5:00 PM","1","2017"
"2","9","802","24678","2017-08-27T00:00:00.000","Veterans Park","Susan Obrow","310-253-6628","12:45 PM","POINT (-118.402106 34.0134)","4117 Overland Avenue","Culver City","CA","90230","Orquesta Charangoa","City of Culver City","11:45 AM","2","2017"
"4","80","2120","3339","2017-07-13T00:00:00.000","Paramount Park","Steven Coumparoules","(562) 743-4156","8:30 PM","POINT (-118.16008 33.902283)","14400 Paramount Blvd","Paramount","CA","90723","Boogaloo Assassins","City of Paramount","6:30 PM","4","2017"
"1","116","1979","9327","2017-08-04T00:00:00.000","San Angelo Park","La Coya Pugh","(626) 333-6162","8:30 PM","POINT (-118.001909 34.049751)","245 S San Angelo Ave","La Puente","CA","91746","Hodads","County of Los Angeles Dept of Parks and Recreation","6:30 PM","1","2017"
"3","1","621","4276","2017-09-16T00:00:00.000","Agoura Hills Library","Nina Hull","818-889-2278","3:00 PM","POINT (-118.775109 34.144074)","29901 Ladyface Ct","Agoura Hills","CA","91301","City of Angels Saxophone Quartet","County of Los Angeles Public Library","2:00 PM","3","2017"
"5","38","1781","10137","2017-09-14T00:00:00.000","San Gabriel Mission Playhouse","Jonathan Salisbury","626-308-2865","9:00 PM","POINT (-118.109198 34.098528)","320 S Mission Drive","San Gabriel","CA","91776","Conjunto Jardin","City of San Gabriel (San Gabriel Mission Playhouse)","7:00 PM","5","2017"
"4","91","1876","25736","2017-08-04T00:00:00.000","Heritage Park","Leanne Iezza","(562) 946-6476","8:30 PM","POINT (-118.075293 33.94069)","12100 Mora Drive","Santa Fe Springs","CA","90670","Conjunto Jardin","City of Santa Fe Springs","6:30 PM","4","2017"
"1","301","1929","24345","2017-09-02T00:00:00.000","Clara Expansion Park","Victor Santiago","(323) 282-5625","8:00 PM","POINT (-118.18132 33.964997)","4835 Clara Street","Cudahy","CA","90201","Cuñao","City of Cudahy","6:00 PM","1","2017"
"2","297","1161","3354","2017-08-12T00:00:00.000","Carson Public Library","Mercedes Santos","310-830-0901","3:00 PM","POINT (-118.276307 33.831676)","151 E Carson Street","Carson","CA","90745","Susie Hansen Latin Band","Carson Public Library","2:00 PM","2","2017"
"5","194","2211","27334","2017-08-04T00:00:00.000","Stephen Sorenson Park","William Champion","(661) 940-7701","9:00 PM","POINT (-117.82993 34.616496)","16801 E Avenue","Lake Los Angeles","CA","93591","Nancy Sanchez","County of Los Angeles Dept of Parks and Recreation","7:00 PM","5","2017"
"5","16","2283","9725","2017-08-09T00:00:00.000","La Verne Library","Tom Cornicelli","909-596-1934","7:30 PM","POINT (-117.765729 34.111919)","3640 D St","La Verne","CA","91750","Nichelle Monroe & Butterfly","County of Los Angeles Public Library","6:30 PM","5","2017"
"3","37","383","18910","2017-08-20T00:00:00.000","San Fernando Recreation Park","Virginia Diediker","818-361-7155","8:30 PM","POINT (-118.434588 34.281101)","208 Park Ave","San Fernando","CA","91340","Yari More Latin Band","City of San Fernando","6:30 PM","3","2017"
,,,,"2017-08-12T00:00:00.000","George Lane Park","William Champion","(661) 940-7701","8:00 PM",,"16801 E Avenue","Quartz Hill Park","CA","93536","Boy Katindig & Friends","County of Los Angeles Dept of Parks and Recreation","4:00 PM","5","2017"
"4","181","1895","9325","2017-08-25T00:00:00.000","Steinmetz Park","Margaret Trujillo","626-934-7041","8:00 PM","POINT (-117.96009 34.002117)","1545 S Stimson Ave","Hacienda Heights Ca","CA","91745","Hodads","County of Los Angeles Dept of Parks and Recreation","6:00 PM","4","2017"
