"Ente","Soggetto beneficiario","Progetto","Contributo"
"Comune di Roma","mrf-multirifrazione progetti","No.Ma Festival","€ 15.000,00"
"Comune di Roma","INTERNATIONAL MUSIC FESTIVAL FOUNDATION","Roma Gospel Festival","€ 15.000,00"
"Comune di Roma","ITINERARI DANZAASS.CULT.","Dance Universal","€ 20.000,00"
"Comune di Roma","TEATROGRUPPO ASS.CULT.","Roma di ieri, Roma di oggi","€ 10.000,00"
"Comune di Roma","NOTETEMPO ASS.CULT.","San Lorenzo Inverno","€ 20.000,00"
"Comune di Roma","LINUX CLUB ITALIA ASS.CULT.","Plotterflux@scende in piazza","€ 10.000,00"
"Comune di Roma","CONFINE VARIABILE ASS.CULT.","Non andare, rimani","€ 15.000,00"
"Comune di Roma","COMPAGNIA DEL MEDITERRANEO","Regine-3^ edizione","€ 15.000,00"
"Comune di Roma","MEDART ASS.PROM.SOCIALE","We are open","€ 20.000,00"
"Comune di Roma","FESTA DELLA MUSICA ASS.CULT.","Festa Europea della Musica-Solstizio d'inverno","€ 10.000,00"
"Comune di Roma","UN FIUME PER ASS.CULT.","Elio in Figaro. Opera pop al Pigneto","€ 20.000,00"
"Comune di Roma","ALPHAVILLE CINE CLUB","Festival delle scritture cinematografiche-8^ edizione","€ 10.000,00"
"Comune di Roma","TRAMARTIS ASS.CULT.","Arcipelago donna, 2^ edizione. Officine teatrali al femminile","€ 20.000,00"
"Comune di Roma","MARTECARD ASS.CULT.","Arts-Festival Internazionale delle arti visive","€ 10.000,00"
"Comune di Roma","SEVEN CULTS","8ttavo in commedia-Scenari d'arte","€ 20.000,00"
"Comune di Roma","COMPAGNIA DELLE BOLLICINE ASS. CULT.","Piazze del popolo","€ 10.000,00"
"Comune di Roma","ALBERO DI MINERVA ASS.CULT.","Caleidoscopio, storie di ordinaria magia","€ 20.000,00"
"Comune di Roma","MATERIA VIVA ASS. CULT. A.A.A.2000","Festival delle espressioni diverse","€ 10.000,00"
"Comune di Roma","CRIXUS ASS.CULT.","Capodanno a cinecittà ","€ 20.000,00"
"Comune di Roma","LE ROSE BLU SOC. COOP. A R.L. ONLUS","Black-Metropolitan Noir Festival","€ 10.000,00"
"Comune di Roma","IL PALCOSCENICO ASS. CULT. TEATRALE","Metamorfosi","€ 15.000,00"
"Comune di Roma","CENTRO CULTURALE COLOSSEO (A.T.A.)","Parole comuni e culture diverse","€ 15.000,00"
"Comune di Roma","MASCHERA D'ORO EVENTI ASS. CULT.","La memoria di ieri e il tempo di oggi","€ 20.000,00"
"Comune di Roma","LA CAPRIOLA-ABRAXA TEATRO ASS.CULT.","Incanti di Natale. Magie urbane a Roma.","€ 10.000,00"
"Comune di Roma","DANIELE CIPRIANI ENTERTAINMENT SC","3 amori diversi","€ 20.000,00"
"Comune di Roma","CE.D.I.A.-CENTRO DIFFUSIONE INIZIATIVE ARTISTICHE","Natale a teatro","€ 10.000,00"
"Comune di Roma","ALCATRAZ ASS. CULT.","Tra cielo e terra. Capodanno dei bambini nei non luoghi","€ 15.000,00"
"Comune di Roma","ARTMOSFERA ASS. CULT.","Corviale Urban Lab","€ 15.000,00"
"Comune di Roma","TEATRO VERDE","Annonuovo","€ 20.000,00"
"Comune di Roma","MUSICA E ARTE ASS. CULT.","Teatroragazzi","€ 10.000,00"
"Comune di Roma","DREAMING ENTERTAINMENT ASS. CULT.","L'arte del gusto, il gusto dell'arte","€ 20.000,00"
"Comune di Roma","RETE ASSOCIAZIONI 17","Prati care","€ 10.000,00"
"Comune di Roma","SUADELA ASS. CULT.","E se incontrassi Babbo Natale e la Befana in Municipio XVIII","€ 20.000,00"
"Comune di Roma","NEVERMIND ASS.CULT.","Voci nel mondo","€ 10.000,00"
"Comune di Roma","PSICOANALISI CONTRO- COMPAGNIA TEATRALE SANDRO GINDRO","Natale e…","€ 20.000,00"
"Comune di Roma","URBAN EXPERIENCE ASS. DI PROMOZIONE SOCIALE","Entrare fuori","€ 10.000,00"
"Comune di Roma","V&C ASS. CULT.","Note romane-lette, suonate, raccontate","€ 20.000,00"
"Comune di Roma","RODEZ ASS. CULT.","Las meninas","€ 10.000,00"
"Provincia di Roma","ASS. NUOVA CONSONANZA","48° festival di nuova consonanza ","€ 32.076,00"
"Provincia di Roma"," ASS. INVITO ALLA DANZA ","Rassegna internazionale di Danza e Balletto -invito alla danza -21a edizione  ","€ 25.660,80"
"Provincia di Roma"," ASS. CULT. ERA DEA  ","Occhi e orecchie per la poesia ""Italia & Italia"" ","€ 28.868,40"
"Provincia di Roma"," ASS. CULT. MUOVILEIDEE  ","Da donne a donna. 150 anni di donne italiane","€ 39.453,48"
"Provincia di Roma"," XI COMUNITA' MONTANA CASTELLI ROMANI E PRENESTINI"," I luoghi del Gran Tour ","€ 40.095,00"
"Provincia di Roma"," FONDAZIONE ADKINS CHITI DONNE IN MUSICA"," ControCanto 2011","€ 20.207,88"
"Provincia di Roma"," ASS. CULT. KOLLATINO UNDERGROUND ONLUS ","Contemporanea 2011 -Rassegna di drammaturgia contemporanea sperimentale -2a ed. ","€ 38.892,15"
"Provincia di Roma"," ASS. CULT. I CONCERTI NEL PARCO  ","I concerti nel parco estate 2011 -21a edizione","€ 28.066,50"
"Provincia di Roma","COMUNE DI CARPINETO ROMANO  ","22° Buskers festival","€ 31.458,54"
"Provincia di Roma","ASS. CULT. MONDIAL SOUND "," 7° festival itinerante- L'eco di un mondo sacro","€ 39.293,10"
"Provincia di Roma","ASS. CULT.CIMAMUSIC ARTEDUCAZIONE"," Leggere, le parole tra noi ","€ 24.818,81"
"Provincia di Roma"," COMUNE DI SAMBUCI ","Piccoli borghi in festa ","€ 32.717,52"
"Provincia di Roma","ASS. CULT. IL TEMPO LA STORIA    ","Settimana della storia 2011","€ 38.491,20"
"Provincia di Roma"," ASS. CULT. LUPUS IN FABULA  ","Premio e festa per la letteratura di viaggio Citta di Palestrina XIV edizione","€ 29.149,07"
"Provincia di Roma","ACCADEMIA ITALIANA DEL FLAUTO  ","Flautissimo 2011 -20a edizione","€ 37.273,92"
"Provincia di Roma","COMUNE DI SANT'ANGELO ROMANO  ","20^ festival del folklore sabino cornicolano","€ 40.095,00"
"Provincia di Roma"," UNIONE DEI COMUNI MEDIANIENE ","Medianiene giovani -ESTensioni innESTi ","€ 40.095,00"
"Provincia di Roma"," COMITATO NAZIONALE DEL PAESAGGIO ","La poesia del mito tra passato e presente ","€ 39.520,84"
"Provincia di Roma","ASS. EUROPA MUSICA  ","Cento città in musica -8a edizione ","€ 40.095,00"
"Provincia di Roma"," ASS. CONSORZIO IMPRESA CASTELLI ROMANI  ","I Castelli Animati 15a edizione: l'Italia unita nel segno di Pinocchio ","€ 40.095,00"
"Provincia di Roma"," COMUNE DI ARCINAZZO ROMANO   ","Premio di cultura Altipiani di Arcinazzo","€ 25.660,80"
"Provincia di Roma"," ASS. LA STANZA DELLE ROSE ","Jeux d'art a villa d'Este -VI edizione","€ 39.742,16"
"Provincia di Roma","ASS. CULT. IL LABORATORIO   ","Festival delle cerase 26a edizione","€ 24.057,00"
"Provincia di Roma"," SCUOLA POPOLARE DI MUSICA DONNA OLIMPIA ","Prove di orchestra 2011 ","€ 40.095,00"
"Provincia di Roma","ASS. CULT. 369 GRADI ","Attacchi di core 3 ","€ 31.274,10"
"Provincia di Roma"," ASS. CULT. TWAIN ","Itinerario44 percorsi di creatività contemporanea nella Provincia di Roma ","€ 18.980,49"
"Provincia di Roma","ASS. AVVERTENZE GENERALI  ","L'anno del contatto 2: l'invasione ","€ 26.462,70"
"Provincia di Roma"," ASS. CULT. SEMINTESTA ","Frammenti 2011 -Hic Manemibus optime 11a edizione ","€ 32.076,00"
"Provincia di Roma"," ASS. CULT. SCUOLA POPOLARE DI MUSICA DI TESTACCIO  ","Tutti quanti vogliono fare jazz ","€ 40.095,00"
"Provincia di Roma","ASS. CULT. LA TECA "," In viaggio col bardo","€ 27.906,12"
"Provincia di Roma"," ASS. STELLA POLARE ONLUS   ","Garibaldi festival","€ 12.365,30"
"Provincia di Roma"," ASS. PANHARMONIKON ORCHESTRA   ","Magnificat 2011 II Edizione","€ 7.217,10"
"Provincia di Roma"," COMUNITA' GIOVANILE ZAMPANO'  ","Castelli in Africa. IV Festival di musica, danza, cultura dell'Africa e del Mediterraneo","€ 30.151,44"
"Provincia di Viterbo","Ente Ottava Medievale","Eventi in Ottava Medievale","€ 14.200,00"
"Provincia di Viterbo","Basket Day","Tuscia Film Fest 2011. Un anno di promozione cinematografica a Viterbo e Provincia","€ 13.490,00"
"Provincia di Viterbo","Damutea","Percorso di suoni-X Edizione","€ 10.152,00"
"Provincia di Viterbo","Centro studi culturali e di storia patria","17 marzo 2011…150° anniversario unità d'Italia","€ 14.100,00"
"Provincia di Viterbo","Centro teatrale viterbese","XXI rassegna nazionale e di teatro ragazzi e giovani della città di Viterbo","€ 10.998,00"
"Provincia di Viterbo","Comune di Bagnoregio","Civitarte 2011","€ 14.000,00"
"Provincia di Viterbo","Associazione Culturale I Dispari","Caffeina cultura 2011","€ 14.000,00"
"Provincia di Viterbo","AS&P-Progetto Mythos","Festival spazi e memoria","€ 14.000,00"
"Provincia di Viterbo","Cliolab. Laboratorio di iniziative culturali.","Verso l'Unità. I documenti del Risorgimento viterbese escono dagli archivi","€ 8.000,00"
"Provincia di Viterbo","La Tana degli Orchi","Ludika 1243 XI ed.","€ 14.000,00"
"Provincia di Viterbo","Artemusica","Tuscia Operafestival 2011","€ 14.000,00"
"Provincia di Viterbo","Associazione Culturale Factotum","5° Est Film Festival","€ 14.000,00"
"Provincia di Viterbo","CUT Centro Universitario Teatrale La Torre","di SUONI diVERSI","€ 8.000,00"
"Provincia di Viterbo","FITA- Comitato Provinciale Viterbo","XVI Festival Internazionale del Teatro Amatoriale- Premio Città di Viiterbo","€ 8.000,00"
"Provincia di Viterbo","ACT Ronciglione onlus","Tuscia in jazz festival X Edizione","€ 14.200,00"
"Provincia di Viterbo","Incontri mediterranei- Associazione Culturale","Festival Internazionale di organo e strumenti antichi-X Edizione; 6° Corso Internaz. Musica Antica ""Ottaviano Alberti""","€ 14.100,00"
"Provincia di Viterbo","Istituzione Comunale Progetto Musica","XIV Rassegna Musicale Città di Ronciglione","€ 9.870,00"
"Provincia di Viterbo","Amici della Musica","Beethoven Festival Sutri 2011-X Edizione","€ 14.000,00"
"Provincia di Viterbo","Accademia Musicale Francigena","Concorso Nazionale Bande Musicali","€ 8.000,00"
"Provincia di Viterbo","Sound Garden","Organa nostra","€ 8.316,00"
"Provincia di Viterbo","Comune di Tarquinia","Premio Città di Tarquinia","€ 14.100,00"
"Provincia di Viterbo","Liceo Ginnasio Statale M. Buratti","Certamen Viterbiense della Tuscia- Edizione 2011","€ 14.000,00"
"Provincia di Viterbo","Università degli Studi della Tuscia","Celebrare la Nazione, Grandi anniversari e politiche della memoria","€ 14.000,00"
"Provincia di Viterbo","Associazione culturale musicale A. Donati","Premio Culturale Luciano Bonaparte-Principe di Canino","€ 2.626,00"
"Provincia di Viterbo","Emmaus Onlus","""Nonni e nipoti sulle tracce dei briganti della Maremma"" Viterbo, 27 Agosto-10 settembre 2011 Nona Edizione","€ 2.000,00"
"Provincia di Viterbo","La Ripa","Premio Maurizio Donati-XI EDiZIONE","€ 2.000,00"
"Provincia di Viterbo","Comitato festeggiamenti Pianoscarano-Carmine-Salamaro","Spettacolo teatrale in dialetto","€ 1.500,00"
"Provincia di Viterbo","Comitato centro storico Viterbo","Eventi storico medievali di Viterbo","€ 1.500,00"
"Provincia di Viterbo","Compagnia Teatrale Sammartinese D. Morucci","XXVIII Mese teatrale sammartinese","€ 1.500,00"
"Provincia di Viterbo","Comune di Bassano in Teverina","IX Edizione Borgo in festa Artigianato sapori cultura della nostra terra","€ 1.400,00"
"Provincia di Viterbo","Comunità Montana dei Cimini","Sentieri didattici aperti sui Monti Cimini","€ 1.400,00"
"Provincia di Viterbo","ARCI Nuova Associazione Comitato Provinciale Viterbo","Estasiarci XIII Edizione","€ 1.400,00"
"Provincia di Viterbo","Istituto Comprensivo Orte","O mia patria, si' bella e perduta","€ 1.400,00"
"Provincia di Viterbo","Stelle cadenti","Promozione della cultura artistica e letteraria a Bassano in Teverina","€ 1.400,00"
"Provincia di Viterbo","TUSCIAE20","In…canti d'Italia","€ 1.400,00"
"Provincia di Viterbo","Comune di Vignanello","Italia terra di idee, memorie e passione","€ 1.200,00"
"Provincia di Viterbo","Accademia Barbanera- Associazione Culturale","Itinerario Poesia 8","€ 1.200,00"
"Provincia di Viterbo","Il Granarone","Mostra l'uovo d'artista X edizione","€ 1.200,00"
"Provincia di Viterbo","Unione Nazionale Ufficiali in congedo","Mostra cronografica di statuine e mezzi militari","€ 1.200,00"
"Provincia di Viterbo","Universitaria Spatrimonio","Cantieri d'arte. Drawing a new memory. Vol.II","€ 1.200,00"
"Provincia di Viterbo","Circolo Culturale Tetraedro","Il Teatro dei bambini","€ 1.200,00"
"Provincia di Viterbo","Maninalto","Burattini a zonzo d'estate 2011- X Edizione","€ 1.200,00"
"Provincia di Viterbo","Associazione Culturale ","XXII Edizione delle Giornate dell'Acquaforte","€ 1.000,00"
"Provincia di Viterbo","Comune di Ronciglione","4° Concorso di tromba maestro Sandro Verzari","€ 2.626,00"
"Provincia di Viterbo","Associazione Ottavia","La musica in festa nelle sale e nei giardini del palazzo farnese di Caprarola","€ 2.200,00"
"Provincia di Viterbo","G. Verdi- Associazione Lirico Sinfonica","I concerti nel chiostro","€ 2.000,00"
"Provincia di Viterbo","Musicultura- Associazione culturale","La grande orchestra dei piccoli-VI edizione","€ 1.500,00"
"Provincia di Viterbo","Associazione Culturale n.p. CENTRO","Musicarte XIX Edizione","€ 1.500,00"
"Provincia di Viterbo","Schola Cantorum S. Maria della Quercia","XII Rassegna Polifonica Madonna della Quercia","€ 1.500,00"
"Provincia di Viterbo","Associazione Corale S. Maria dell'Edera-Don Sebastiano Fasone","XI Rassegna Polifonica","€ 1.400,00"
"Provincia di Viterbo","Associazione Sportiva dilettantistica Golden Dance School","Dance & Music Show -7° Edizione","€ 1.400,00"
"Provincia di Viterbo","Torre Alfina Blues","Torre Alfina Blues Festival 2011","€ 1.400,00"
"Provincia di Viterbo","Comune di Blera","La bella e la bestia","€ 1.200,00"
"Provincia di Viterbo","Guide Turistiche Provincia di Viterbo","""La Tuscia nelle scuole"" V edizione","€ 2.626,00"
"Provincia di Viterbo","Gruppo Interdisciplinare Per lo Studio della cultura tradizionale dell'Alto Lazio","Tra Arno e Tevere I Riti festivi, I fiori e la loro simbologia. XI incontro","€ 2.100,00"
"Provincia di Viterbo","L'Albero del Sapere","Le Aree protette della Tuscia: realtà attuale e potenzialità di sviluppo","€ 2.100,00"
"Provincia di Viterbo","Centro di Ricerche per la Storia dell'Alto Lazio","Incontri a Palazzo Papale","€ 2.000,00"
"Provincia di Viterbo","Canino Info Onlus","Convegno dal titolo Altari e Monumenti rupestri etrusco-romani tra i Monti Cimini e la Valle del Tevere-tipologia, cronologia e funzione","€ 1.200,00"
"Provincia di Viterbo","TuLUG-Tuscia Linux User Group","Linux Day 2011","€ 1.200,00"
"Provincia di Frosinone","Officina della Cultura","XXV Premio Fibrenus ""Carnello Carte ad Arte"" 2011","€ 5.000,00"
"Provincia di Frosinone","Associazione IL CARTELLO","OttoArte 14^ Edizione ""La Poetica del Risorgere""","€ 5.000,00"
"Provincia di Frosinone","Istituto di Storia e di Arte del Lazio Meridionale","ETNOSTORIA 22 ","€ 5.000,00"
"Provincia di Frosinone","Coro Monte Viglio","L'Italia in Canto - Rassegna corale itinerante per i 150 anni dell'Unità d'Italia","€ 5.000,00"
"Provincia di Frosinone","Centro Studi Ricerche e Documentazione Marcello  Mastroianni","Omaggio a Marcello Mastroianni ""L'Arte di raccontare: teatro, narrativa e cinema"". X Edizione","€ 5.000,00"
"Provincia di Frosinone","Associazione Circolo ARCI Oltre l'Occidente","Il Cittadino che non c'è -Migrazioni, stranieri,minoranze","€ 5.000,00"
"Provincia di Frosinone","Comune di Santopadre "," Festa dell'Emigrante","€ 3.000,00"
"Provincia di Frosinone"," Comune di Giuliano di Roma","XIII Edizione Festival Nazionale ""Vallecorsa di scena transiti teatrali""","€ 3.000,00"
"Provincia di Frosinone","Comune di Arpino","Arpino Città aperta alla musica","€ 3.000,00"
"Provincia di Frosinone","Associazione Culturale ECHIDNA","Ciociaria Art-Locally","€ 5.000,00"
"Provincia di Frosinone","Gruppo Polifonico Città di Frosinone","Il Romanticismo, il '900 e l'Unità d'Italia","€ 5.000,00"
"Provincia di Frosinone","Comune di Patrica","Fanfavapore - Eroi, Luoghi e Protagonisti del fantastico italiano","€ 3.000,00"
"Provincia di Frosinone","Associazione Culturale Marionette in Libertà","Pupazzi in cerca di Autore","€ 3.000,00"
"Provincia di Frosinone","Associazione ZEROTREMILACENTO","Da cosa nasce cosa - VI Edizione","€ 5.000,00"
"Provincia di Frosinone","Associazione Musicale Musica Piccoli","Eventi Ciociari ","€ 5.000,00"
"Provincia di Frosinone","Associazione Culturale Display Surreale","Sulle Nuvole dei Monti Lepini","€ 5.000,00"
"Provincia di Frosinone","Associazione Culturale Conoscere il Territorio","Scoperta del territorio di Ferentino…. Attraverso il rinnovato percorso delle mura megalitiche, i documenti d'archivio e le mappe antiche","€ 3.000,00"
"Provincia di Frosinone","Associazione Culturale e Ricreativa Castello Radiolivres"," - La Radio dal vivo - La Radio dei libri dal vivo - la Radio dei libri che incontra gli scrittori.","€ 3.000,00"
"Provincia di Frosinone","Associazione Culturale TALENTI  ","Gallinarock 2011","€ 5.000,00"
"Provincia di Frosinone"," Circolo Arci di Paliano","Festival Echi Barocchi 4 edizione","€ 3.000,00"
"Provincia di Frosinone","TDO Compagnia Teatrale Fiuggi","Il Dialogo nella Palude, ovvero la storia di Pia De Tolomer e di come amore la fè prigioniera","€ 5.000,00"
"Provincia di Frosinone","Associazione IL PONTE","Viaggio nei Comuni del frusinate per incontrare il libro, la musica, il teatro","€ 3.000,00"
"Provincia di Frosinone","Associazione Culturale Pico Farnese","Rivivere il Vecchio Borgo, storia e cultura della nostra terra","€ 3.000,00"
"Provincia di Frosinone","Associazione DEDALUS   ","Garibaldi fu ferito","€ 5.000,00"
"Provincia di Frosinone","Associazione Musicale ""1736-2006"" Giovan Battista Pergolesi","Missa Splendoris ","€ 5.000,00"
"Provincia di Frosinone","Associazione Musicale PIETRO MASCAGNI","150 Volte Italia !!!  €","€ 3.000,00"
"Provincia di Frosinone","Associazione TARANTELLIRI  ","TARANTINVERNO","€ 3.000,00"
"Provincia di Frosinone","Comune di Colle San Magno … ","Italia…in musica e poi","€ 3.000,00"
"Provincia di Frosinone","Comune di Casalvieri","Casalvieri: Tra storia ed attualità","€ 3.000,00"
"Provincia di Frosinone","Associazione Fotografica Frosinone","Giornate Mondiali della Fotografia Fotodinamica futuristica - 100 anni di passione italiana","€ 3.000,00"
"Provincia di Frosinone","Comune di Belmonte Castello   ","Festa dell'Emigrante","€ 3.000,00"
"Provincia di Frosinone","Comune di Acuto","Sentieri della Memoria e della Creatività","€ 964,50"
"Provincia di Frosinone","Conservatorio di Musica ""Licino Refice""   ","Bragaglia Fotodinamico","€ 15.545,75"
"Provincia di Frosinone","Associazione Culturale CANTIERI ETNICI ","Cassino Multietnica XV Edizione","€ 11.747,70"
"Provincia di Frosinone","Amici del Teatro   ","7^ Rassegna Teatrale Popolare Napoletana","€ 11.375,20"
"Provincia di Frosinone","Associazione culturale CIVITAS ARTIS","Ettore Gualdini e ""La Saletta"" - colori, suoni, parole ricordando un maestro","€ 15.011,55"
"Provincia di Frosinone","Associazione per la Cultura Il Folklore e gli Sport popolari","20° Festival eInternazionale del Folklore - Città di Castro","€ 13.756,12"
"Provincia di Frosinone","Minimum Fax Live Associazione Culturale","Festival delle Storie ","€ 12.815,24"
"Provincia di Frosinone","Associazione Culturale Ferentino Acustica","9^ Ferentino Acustica","€ 11.261,23"
"Provincia di Frosinone","Esperia nel Mondo","4° Festival - Talenti del Basso Lazio","€ 12.278,55"
"Provincia di Frosinone","Comitato Organizzatore Incontro Internazionale di Cornisti ""Guelfo Nalli""","22° Incontro Internazionale di Cornisti ""Guelfo Nalli""","€ 10.070,11"
"Provincia di Frosinone","Comune di San Donato Val di Comino","Palcoscenico d'Estate","€ 14.381,83"
"Provincia di Frosinone","XIX Comunità Montana del Lazio L'Arco degli Aurunci","XXI Festival del Folklore, delle Arti e delle Tradizioni dei Monti Aurunci ","€ 14.381,83"
"Provincia di Frosinone"," Associazione Culturale Blue Orchestra  ","La Musica nel Cinema","€ 11.752,73"
"Provincia di Frosinone","Centro Studi Letterari ""Val di Comino""","XIX Ed. Incontri Internazionali di Poesia di Alvito e Val di Comiino","€ 14.381,83"
"Provincia di Frosinone","Associazione Culturale Teatro Piccolo  "," Festival del Teatro all'Ombra dei Ciclopi IX Edizione","€ 14.381,83"
"Provincia di Frosinone","Compagnia Teatro dell'Appeso  ","Il Teatro e le Voci - VIII Edizione","€ 11.752,73"
"Provincia di Frosinone"," Comune di Acquafondata","40° Festival Nazionale ed Internazionale della Zampogna","€ 14.260,96"
"Provincia di Frosinone","AMPAF  ","I° Festival provinciale Bande Musicali","€ 12.982,67"
"Provincia di Frosinone","Comune di Roccasecca ""  ","XVII Festival Internazionale ""Severino Gazzelloni","€ 14.047,91"
"Provincia di Frosinone","Comune di Sora ","Itinerari Musicali 2011 - XII Edizione","€ 14.260,96"
"Provincia di Frosinone"," Unione Musicale Ciociara","VII° Festival di Bande Giovanili della Bacchetta d'Oro Benito Pica","€ 11.656,71"
"Provincia di Frosinone","Associazione Società del Cinema ""Nino Manfredi"""," Festival Cinematografico Ciociaro Cinema e Ciociaria","€ 14.141,77"
"Provincia di Frosinone","Associazione ATINART   ","Una Scultura per Atina - XII Edizione","€ 10.265,07"
"Provincia di Frosinone"," Associazione MANI SLEGATE  ","CiociARIA terra migrante ","€ 12.122,66"
"Provincia di Frosinone","Comune di Ferentino  ","Ferentino Gospel 2011","€ 14.141,77"
"Provincia di Frosinone"," IBIMUS Istituto di Bibliografia Musicale","I musicisti della provincia di Frosinone nella storia. Progetto di ricerca documentaria e bibliografica","€ 10.165,67"
"Provincia di Frosinone","Associazione Culturale Agenzia del Tempo","Saturno International Film Festival","€ 14.141,77"
"Provincia di Frosinone","Comune di Veroli","Ernica Etnica, la musica che abbiamo nel cuore","€ 8.168,35"
"Provincia di Rieti","CAI","“Corni e cavalli sul Monte Terminillo”","€ 10.000,00"
"Provincia di Rieti","Circolo ARCI","“ InKiostrarci”","€ 7.603,40"
"Provincia di Rieti","A.R.A.","“Rieti e il suo dialetto: la poesia e la musica…”","€ 4.000,00"
"Provincia di Rieti","Voci che chiamano","“Voci che chiamano 2011- musica d’autore”","€ 4.000,00"
"Provincia di Rieti","Banda mus. Collevecchio","III edizione “Festival sabino delle bande di strada”","€ 4.000,00"
"Provincia di Rieti","Ass. mus. P. Bustone","VII edizione “Premio Poggio Bustone 2011”","€ 3.000,00"
"Provincia di Rieti","Arcò","“Incontriamoci in...musica 2011”","€ 3.000,00"
"Provincia di Rieti","Musica Experimento","II ed. Festival Internazionale “Musica nel tempo presente”","€ 3.000,00"
"Provincia di Rieti","Fara Music","V edizione “Fara music Festival”","€ 3.000,00"
"Provincia di Rieti","Eleuthera","VIII edizione “Settembre in musica”","€ 3.000,00"
"Provincia di Rieti","Musikologiamo","“Jazzid area Festival – Le menti musicali 2011”","€ 3.000,00"
"Provincia di Rieti","Comitato S. Domenico"," Concerto di Nat. e conv. “Composit. reatini e mus. sacra”","€ 3.000,00"
"Provincia di Rieti","Mundus","“L’albero e la memoria”","€ 3.000,00"
"Provincia di Rieti","Teatro Solis","II edizione “Città Spettacolo 2011”","€ 3.000,00"
"Provincia di Rieti","Teatro Zeta","“Recitarcantando, un viaggio tra teatro, danza e musica”","€ 3.000,00"
"Provincia di Rieti","Acc. Sabina Wind Orch.","“150 anni dell0unità d’Italia: la musica e il sentimento”","€ 3.000,00"
"Provincia di Rieti","Domus Musica","“Per l’Italia e in Italia”","€ 3.000,00"
"Provincia di Rieti","Amici del Museo","Vi edizione-“Settimana musicale mirtense”","€ 3.000,00"
"Provincia di Rieti","Teatrando e","""Teatro, impegno sociale e ricerca storica""","€ 3.000,00"
"Provincia di Rieti","Centro Ric. Sper. Metac.","VII edizione “Arte R.I.E Rassegna di ipotesi espressive”","€ 8.584,60"
"Provincia di Rieti","Valle del Salto","“ La valle del Salto nei racconti dei viaggiatori dell’Ottocento”","€ 5.000,00"
"Provincia di Rieti","Rosamunda","“ Suonava Rosamunda n.5”","€ 4.000,00"
"Provincia di Rieti","Studio Sette","Mostra d’arte contemp. ""Italiane""","€ 4.000,00"
"Provincia di Rieti",,,
"Provincia di Rieti","Wright & Sing","IV edizione del Concorso nazionale “Wright & Sing”","€ 3.000,00"
"Provincia di Rieti","Area","Seminari “Ali e radici”","€ 3.000,00"
"Provincia di Rieti","Postribù","“Aperitivi verdi .Ricomincia la festa”","€ 3.000,00"
"Provincia di Rieti","Com. Apidienus","Giornata di studi “Insediamenti e luoghi sacri sui Monti Sabini”","€ 3.000,00"
"Provincia di Rieti","Matrù","XVII edizione “Festival delle tradizioni culturali locali”","€ 3.000,00"
"Provincia di Latina","Andromeda","33 salti nella storia","€ 30.069,40"
"Provincia di Latina","Opera Prima","12 wojtyla generation love rock musical","€ 15.000,00"
"Provincia di Latina","Calliope","semi in aria-sogni in terra","€ 14.000,00"
"Provincia di Latina","novecento","decorazione murale delle città di fond.","€ 9.000,00"
"Provincia di Latina","vivi il piccarello","per una società multiculturale","€ 6.000,00"
"Provincia di Latina","angoli di mondo","immagini dal mondo conc. Fotografico","€ 5.000,00"
"Provincia di Latina","Identità pontine","Terracina architettura barocca","€ 5.000,00"
"Provincia di Latina","La domus","Aspettando il festival","€ 5.000,00"
"Provincia di Latina","Fogliano arte","In natura","€ 5.000,00"
"Provincia di Latina","Danza expression","Dance up","€ 5.000,00"
"Provincia di Latina","Unonessuno Centomila","Saturniat","€ 5.000,00"
"Provincia di Latina","Festival della collina","2011 Latium Word Folclorik Festival","€ 5.000,00"
"Provincia di Latina","Formiamentis","Tra il piacere e l'emozione non solo class","€ 5.000,00"
"Provincia di Latina","Borincuba","Lazio America Latina incontro tra cult….","€ 5.000,00"
"Provincia di Latina","Comunità giovanile lenolese","La cultura l'unica cosa che nessuno…….","€ 5.000,00"
"Provincia di Latina","Sportissimo","Primati e delizie 2011","€ 5.000,00"
"Provincia di Latina","Muse","L'ultimo giorno di un condannato a morte","€ 5.000,00"
"Provincia di Latina","Cinema e società","Inventa un film 2011","€ 5.000,00"
"Provincia di Latina","Polifonica pontina","Polifonia in concerto","€ 5.000,00"
"Provincia di Latina","AICS","Minturnae Spiriti del passato","€ 5.000,00"
"Provincia di Latina","La milizia dei folli","II Ed. Festival Arti di Strada-Spiritri","€ 5.000,00"
"Provincia di Latina","Arte e teatro","Stagione concertistica e teatrale","€ 5.000,00"
"Provincia di Latina","S.T.A.R.T.S.","I Festival Canzone Città di Sezze","€ 5.000,00"
"Provincia di Latina","Circolo Filatelico Numismatico","150….Uniti","€ 5.000,00"
"Provincia di Latina","Onda","Giornate europee del paesaggio","€ 5.000,00"
"Provincia di Latina","Quintetto d''A","Fondi art festival XIII Ed.","€ 5.000,00"
"Provincia di Latina","Smart","L'arte ignorata","€ 5.000,00"
"Provincia di Latina","Acta Teatro","Le voci le mani storie e canti","€ 5.000,00"
"Provincia di Latina","Armonia","Jazz al Castello","€ 5.000,00"
"Provincia di Latina","Folclorica Minturno","Festival del sud pontino","€ 5.000,00"
"Provincia di Latina","Le tradizioni","Calanne IV Edizione","€ 5.000,00"
"Provincia di Latina","Comune di Latina","Stagione di danza","€ 13.879,60"
"Provincia di Latina","A.MA.RE.","Festival della gente di mare","€ 5.000,00"
"Provincia di Latina","Matuta Teatro","Teatri in festival II ed.","€ 5.000,00"
"Provincia di Latina","Monsignor G. Centra","Premio Goccia d'oro 2011","€ 5.000,00"
"Provincia di Latina","Scuola musicale di Latina","Festival interculturale","€ 5.000,00"
"Provincia di Latina","Comune di Fondi ","II Ed. Alberto Moravia","€ 11.000,00"
"Provincia di Latina","Comune di Sabaudia","Sabaudia Jazz IV Edizione","€ 10.500,00"
"Provincia di Latina","Comune di Sermoneta","Sermoneta tra arte e e cultura","€ 10.500,00"
"Provincia di Latina","Comune di campodimele","Campodimele folk meeting","€ 10.500,00"
"Provincia di Latina","Comune di Sonnino","Da terra di confine all'Unità d'Italia","€ 7.500,00"
"Provincia di Latina","Comune di Castelforte ","Diamo voce agli autori locali","€ 6.000,00"
"Provincia di Latina","Comune di SS. Cosma e Damiano","Mosaico d'estate arte popolare","€ 6.000,00"
"Provincia di Latina","Comune di Pontinia ","Visual Trak 2011","€ 6.000,00"
"Provincia di Latina","Comune di Norma","Centro culturale per giovani artisti","€ 6.000,00"
"Provincia di Latina","Comune di Terracina","Terracina pittoresca","€ 5.000,00"
"Provincia di Latina","Comune di Spigno Saturnia","Festa dell'emigrante","€ 5.000,00"
"Provincia di Latina","Comune di Roccasecca","Segreti in archivio","€ 5.000,00"
"Provincia di Latina","Comune di Lenola","Festival del saltarello","€ 5.000,00"
"Provincia di Latina","Comune di Minturno","Sporca trentina","€ 5.000,00"
"Provincia di Latina","XVII Comunità Montana","Festival cultura degli Aurunci 2011","€ 5.000,00"
"Provincia di Latina","Comune di M. S. Biagio","Scuola di musica popolare a M.S.B.","€ 5.000,00"
"Provincia di Latina","Comune di Maenza","Dall'architettura del paesaggio alla….","€ 5.000,00"
"Provincia di Latina","Comune di Gaeta","Premio letterario internazionale","€ 5.000,00"
"Provincia di Latina","Comune di Sezze","Teatro, Musica, Cultura nella città di Ercole","€ 5.000,00"
"Provincia di Latina","Comune di Roccagorga","Estate con noi","€ 5.000,00"
"Provincia di Latina","Comune di Cisterna","Settimana della cultura popolare","€ 5.000,00"
"Regione Lazio","Fondazione Romaeuropa Arte e Cultura","Romaeuropa Festival","€ 139.040,00"
"Regione Lazio","Accademia Filarmonica Romana","La musica da camera dal barocco al contemporaneo","€ 56.485,00"
"Regione Lazio","Area06","Area06 project_ Fest Resort Short Theatre","€ 69.520,00"
"Regione Lazio","ASSOCIAZIONE CONCERTISTICA ROMANA"," FESTIVAL PIANISTICO DI ROMA - nona e decima edizione 2010/11.","€ 26.070,00"
"Regione Lazio","COMUNE DI RIETI","RIETI DANZA FESTIVAL - CONCORSO INTERNAZIONALE DI DANZA CITTA' DI RIETI","€ 34.760,00"
"Regione Lazio","Associazione Culturale Têtes de Bois"," PROGETTO BIENNALE 2010/2011 'Stradarolo XV edizione - 41° Parallelo' ","€ 60.830,00"
"Regione Lazio","Associazione giovanile di promozione sociale Juppiter","""La Casa delle Arti"" 2010-2011","€ 69.520,00"
"Regione Lazio","CAMPUS INTERNAZIONALE DI MUSICA"," 46° E 47° FESTIVAL PONTINO  DI MUSICA     ","€ 69.520,00"
"Regione Lazio","Società Cooperativa ""Teatro Stabile delle Arti Medioevali"""," Festival ""Quartieri dell'Arte""","€ 65.175,00"
"Regione Lazio","Ass. Cult. Archivio Aurunco /RE.FO.LA."," RE.FO.LA. RETE DEL FOLKLORE NEL LAZIO (XIII e XIV ed.)","€ 69.520,00"
"Regione Lazio","Associazione Culturale Procult"," MArteLive","€ 78.210,00"
"Regione Lazio","Mediascena Europa"," Circuito Promozionale di Danza e Balletto della Regione Lazio","€ 84.293,00"
"Regione Lazio","Comune di Frascati","Festival Internazionale delle Ville Tuscolane, edizioni 2010-2011","€ 34.760,00"
"Regione Lazio","Istituzione Universitaria dei Concerti"," InConcerto - Capolavori dal barocco ad oggi","€ 43.450,00"
"Regione Lazio","Pentagono Produzioni Associate"," TEATRI DI PIETRA LAZIO","€ 21.725,00"
"Regione Lazio","PROVINCIA DI VITERBO","FESTIVAL BAROCCO","€ 21.725,00"
"Regione Lazio","Associazione Culturale Allegorein","IL PREMIO LETTERARIO FERONIA CITTA' DI FIANO matrice e centro di eventi poetici internazionali. ","€ 34.760,00"
"Regione Lazio","Associazione Culturale iTusci"," Suoni e Passi della Tradizione: XII edizione 2010-2011 ""Speciale Italiani 150"" a 150 anni dall'unità d'italia","€ 17.380,00"
"Regione Lazio","Associazione Teatro Potlach","FESTIVAL LABORATORIO INTERCULTURALE DI PRATICHE TEATRALI","€ 27.808,00"
"Regione Lazio","Athena Arte Eventi"," “Grande Musica in Chiesa - incontro con le Vie Francigene del Lazio”","€ 36.498,00"
"Regione Lazio","C.T.M.Centro Teatro Musica Onlus","LAZIO FESTIVAL","€ 21.725,00"
"Regione Lazio","I.A.L.S. Istituto Addestramento Lavoratori Spettacolo"," Rete dei centri video di danza presso organismi culturali nel Lazio- Web TV - Presentazione del centro con spettacoli dal vivo di giovani coreografi (under 35) Anno 2010-2011","€ 26.070,00"
"Regione Lazio","Rinoceronte Incatenato"," Borgofestival","€ 26.070,00"
"Regione Lazio","Associazione Culturale MARGINE OPERATIVO","ATTRAVERSAMENTI MULTIPLI   2010 - 2011  - teatro - danza - musica - street art - performance - video - comics negli spazi urbani ","€ 27.808,00"
"Regione Lazio","Semintesta"," Frammenti ","€ 17.380,00"
"Regione Lazio","Associazione Culturale UNICA
EVENTI","OBOLON decima edizione","€ 30.415,00"
"Regione Lazio","Teatro Tesi","Premio Anita Bucchi - Una finestra per i giovani talenti","€ 23.463,00"
"Regione Lazio","artisti riuniti i lunedi di artisti riuniti","i lunedi di artisti riuniti","€ 26.070,00"
"Regione Lazio","IL TRIANGOLO SCALENO","OFFICINA1011 CANTIERE DI CREATIVITA' CONTEMPORANEA NELLA REGIONE LAZIO","€ 69.520,00"
"Regione Lazio","ASSOCIAZIONE CULTURALE COLLETTIVO TEATRALE BERTOLT BRECHT","OFFICINA BRECHT","€ 60.830,00"
"Regione Lazio","ASSOCIAZIONE CULTURALE ARCI LA FRECCIA","OFFICINA CULTURALE PER IL NORD DELL'AGROPONTINO","€ 60.830,00"
"Regione Lazio","ACCADEMIA DELLA TUSCIA","OFFICINA CULTURALE DELLA TUSCIA","€ 52.140,00"
"Regione Lazio","ASSOCIAZIONE SETTIMO CIELO","OFFICINA EST ESPERIMENTI SUL TERRITORIO AD ORIENTE DI ROMA","€ 43.450,00"
"Regione Lazio","TEATRO NULL","I PORTI DELLA TEVERINA NUOVI APPRODI PER ANTICHE METE","€ 60.830,00"
"Regione Lazio","COOPERATIVA SOCIALE
FOLIAS ONLUS","OFFICINE CULTURALI
PERTURBAZIONI""LE
OFFICINE DEL NORD EST""","€ 52.140,00"
"Regione Lazio","ASSOCIAZIONE CULTURALE COMPAGNIA L MELOGRANO [OVVERO] TEATRO DELLE  CONDIZIONI AVVERSE","OFFICINA CULTURALE BASSA SABINA LA CULTURA METTE RADICI","€ 52.140,00"
"Regione Lazio","THE COMPANY","OFFICINA PASSO 578","€ 43.450,00"
"Regione Lazio","ASSOCIAZIONE CULTURALE CLAN BANLIEUE","CULTURA AL BANDO.
MUSICA DANZA ED ARTI
INTEGRATE.","€ 34.760,00"
"Regione Lazio","APOLLOUNDICI","""ESQUILINO YOUNG
ORCHESTRA"" E CENTRO
AGGREGATIVO PICCOLO
APOLLO","€ 43.450,00"
"Regione Lazio","ASSOCIAZIONE CULTURALE LA RIBALTA CENTRO STUDI ENRICO MARIA SALERNO","OFFICINA DI TEATRO SOCIALE TEATRO LIBERO DI REBIBBIA - ANNUALITÀ 2010-2011","€ 34.760,00"
"Regione Lazio","ASSOCIAZIONE CULTURALE ONDADURTO TEATRO","ROMATEATRO 2010-2011","€ 17.380,00"
"Regione Lazio","AUSER LAZIO ONLUS ASSOCIAZIONE PER L’AUTOGESTIONE DEI SERVIZI E LA SOLIDARIETA'","LA BOTTEGA DI GI.AN.O (GIOVANI ANZIANI OPEROSI)","€ 26.070,00"
"Regione Lazio","ARTESTUDIO","PORT ROYAL","€ 26.070,00"
"Regione Lazio","ASSOCIAZIONE CULTURALE CORE","CORE","€ 60.830,00"
