"Ente","Soggetto beneficiario","Progetto","Contributo",
"Comune di Roma","International Music Festival Foundation","Roma Gospel Festival","€ 10.018,80",
"Comune di Roma","European Choreographic Organization- Italia Ass.","Pantheos","€ 10.026,00",
"Comune di Roma","Cinemavvenire Ass.","Identity Festival","€ 10.000,00",
"Comune di Roma","Beat 72 Ass. Cult.","Culture diverse parole comuni","€ 10.027,00",
"Comune di Roma","Festa della Musica Ass. Cult.","Festa europea della musica winter solstizio d'inverno","€ 10.000,00",
"Comune di Roma","Ruotalibera Teatro Soc. Coop.","Centrale Preneste in Fest- Festival di Teatro danza musica con le nuove scene del territorio","€ 10.026,30",
"Comune di Roma","Voci e suoni di periferia Ass. Cult.","Suoni di strada-Sbandata romana","€ 9.982,50",
"Comune di Roma","Compagnia Ottavo Atto Ass. Cult.","Ottava meraviglia","€ 10.026,30",
"Comune di Roma","Moiselle Le Blanc Soc. Coop. S. C. A. R. L.","La scena giovane","€ 10.000,00",
"Comune di Roma","Crixus Ass","Boomerang Fest 2012/2013","€ 10.026,30",
"Comune di Roma","Hi-Kari","Across Lightblack","€ 10.000,00",
"Comune di Roma","Maschera d'oro Eventi Ass. Cult.","Affetti collaterali","€ 10.005,40",
"Comune di Roma","Ariadne Ass.","Rassegna teatrale "" Teatro nudo""","€ 10.021,00",
"Comune di Roma","Dreaming Entertainment Ass. Cult.","Terra e cielo ad Ice Space Village","€ 10.000,00",
"Comune di Roma","Percorsi accidentali Ass.","Sguardi oltre- Percorsi d'arte al Forlanini/S.Camillo","€ 9.600,00",
"Comune di Roma","Associazioni 17","Praticare 2- Rassegna internazionale di musica e teatro","€ 10.000,00",
"Comune di Roma","Alcatraz Ass. Cult.","Synbolon","€ 10.000,00",
"Comune di Roma","Urban Experience Ass. di Prom. Soc.","Teatri della memoria una mappa delle esperienze urbane","€ 10.000,00",
"Comune di Roma","AMI - Associazione Musicale Internazionale","Celebrando","€ 10.000,00",
"Provincia di Roma","Ass. Nuova Consonanza","49° Festival Nuova Consonanza","€ 20.000,00",
"Provincia di Roma","Unione dei Comuni Medianiene","Medianiene giovani-Cantieri d'arte a oriente di Roma/giovani innESTI","€ 20.000,00",
"Provincia di Roma","Ass. Cult. Il Naufragarmedolce","Agorà: dalla piazza al teatro","€ 15.900,00",
"Provincia di Roma","Ass. tuscolana di astronomia","Storie di terra e cielo-Memorie ed emozioni dal cosmo","€ 9.000,00",
"Provincia di Roma","Ass. Cult. Linux club ","LPM-Live Performers Meeting XIII ed.","€ 20.000,00",
"Provincia di Roma","Comune di Sambuci","Piccoli borghi in festa","€ 20.000,00",
"Provincia di Roma","Ass. cult I concerti nel Parco","I concerti nel parco, estate 2012- XXII ed.","€ 20.000,00",
"Provincia di Roma","Ass. Cult Cimamusic arteducazione","Leggere: le parole tra noi-IV ed.","€ 20.000,00",
"Provincia di Roma","Ass. Accademia Italiana del Flauto","Flautissimo 2012-XIV ed.","€ 20.000,00",
"Provincia di Roma","Ass. cult Margine Operativo","Attraversamenti multipli 2012","€ 20.000,00",
"Provincia di Roma","Ass. Fattore K","Ehi! Animare l'inaminato","€ 18.881,41",
"Provincia di Roma","Ass. Cult. Mondial sound","8a edizione Festival itinerante L'eco di un ritmo sacro","€ 19.000,00",
"Provincia di Roma","Comune di Carpineto Romano","Estate a Carpineto-XXIII Buskers Festival","€ 20.000,00",
"Provincia di Roma","Ass. Frascati poesia onlus","Un premio di poesia per i giovani: tradizione, creatività e innovazione multimediale","€ 20.000,00",
"Provincia di Roma","Coop. Art Società Cooperativa","L'estate dei concerti dell'Accademia degli Sfaccendati","€ 20.000,00",
"Provincia di Roma","Comune di Albano Laziale","NET-Nuove energie teatrali-rete dei teatri dell'Appia","€ 20.000,00",
"Provincia di Roma","Ass. Cult Twain","Itinerario 44, percorsi di creatività contemporanea nella Provincia di Roma-II ed.","€ 19.950,00",
"Provincia di Roma","Ass. Cult Kollatino Underground","Contemporanea segni teatrali 2012","€ 20.000,00",
"Provincia di Roma","Istituto di Studi Mediterraneo Antico","Mostra su ""l'arte degli etruschi sui francobolli di tutto il mondo""","€ 3.000,00",
"Provincia di Roma","Comunità giovanile Zampanò","Castelli in Africa. V Festival Internazionale di musica, danza, cultura dell'Africa e del Mediterraneo.","€ 19.600,00",
"Provincia di Roma","Ass. cult La Capriola-Abraxa teatro","Rombi di teatro urbano nella Provincia. Performance nelle stazioni e sui treni della Provincia di Roma","€ 19.980,00",
"Provincia di Roma","Ass. cult ricreativa I Cerchi Magici","Il borgo in festa","€ 19.800,00",
"Provincia di Roma"," Ass. cult . Musica e arte","Cantiere Musica X ediz.","€ 19.700,00",
"Provincia di Roma","Ass. Europa-Levante","Heviya Azadiye-speranza di libertà:cinema spettacoli ed eventi di cultura kurda nella Provincia di Roma","€ 18.000,00",
"Provincia di Roma","Ass cult Artisti Associati","Isola sonora","€ 19.000,00",
"Provincia di Roma","Ass. cult. Il borgo di Ascanio","8a edizione Festival itinerante Flaminia in jazz","€ 19.000,00",
"Provincia di Roma","Ass. cult. Scuola Popolare di Musica Donna Olimpia","Prove d'orchestra 2012","€ 20.000,00",
"Provincia di Roma","Ass. cult. Lupus in fabula","Premio e festival per la letteratura di viaggio l'Albatros- Città di Palestrina-XV ed.","€ 9.400,00",
"Provincia di Roma","Comune di Genzano di Roma","I luoghi dell'anima: segni e sogni dell'umana avventura-II ed.","€ 15.000,00",
"Provincia di Roma","Comune di Riano","Teatro nelle cave di tufo-V ed.","€ 20.000,00",
"Provincia di Roma","Ass. Circomare teatro","Commedia dell'arte in Provincia","€ 4.800,00",
"Provincia di Roma","Circolo di cultura cinematografica Cinefilanti","SEmI. Solidarietà Empatia Intercultura","€ 19.987,20",
"Provincia di Roma","Comune di Gennazzano","La musica che unisce. Mediterraneo/Europa: popoli, tradizioni e costumi attraverso la musica popolare","€ 18.540,00",
"Provincia di Roma","Scuola Popolare di Musica di Testaccio","Tutti quanti vogliono fare jazz","€ 20.000,00",
"Provincia di Roma","Ass. cult. Muovileidee","Da donne a donna-donnEuropa III ed.","€ 19.980,00",
"Provincia di Roma","Ass. Cult. Rinnoceronte incatenato","Borgofestival 2012-XIII ed.","€ 20.000,00",
"Provincia di Roma","Ass. Cult. Semintesta","Frammenti 2012","€ 20.000,00",
"Provincia di Roma","Ass. di volontariato La Metamorfosi","Ratatouille, percorsi di memoria, incontri d'arte e comunità in movimento","€ 11.700,00",
"Provincia di Roma","Ass. Cult. Gens Rubria","Tradizioni e canti popolari a confronto nella Valle Aniene","€ 6.960,00",
"Provincia di Roma","Ass. cult. Atmosfera","Artelive project-IV ed.","€ 19.908,20",
"Provincia di Roma","Circuito Danza Lazio","ALTERazioni 2012-IV ed.","€ 18.300,00",
"Provincia di Roma","Comune di Cerveteri","Etruria jazz festival 6","€ 20.000,00",
"Provincia di Roma","Ass. cult. Seven","Guerre & Pace Filmfest X ed.","€ 20.000,00",
"Provincia di Roma","Ass. cult. Controchiave","Festa per la cultura-XX ed.","€ 18.660,00",
"Provincia di Roma","Comune di Monteflavio","Aspettando il Natale a Monteflavio","€ 8.000,00",
"Provincia di Roma","Ass. Cult Artemista","Palcoscenico extraurbano#08 Anno 2012","€ 20.000,00",
"Provincia di Viterbo","Comune di Ronciglione","V Edizione Concorso Nazionale di Tromba","€ 6.000,00",
"Provincia di Viterbo","Istituto Nazionale Bioarchitettura Lazio Sez. Viterbo","Architettura del bosco. La cultura dell'impiego del legno:tradizione, poesia ed innovazione","€ 6.000,00",
"Provincia di Viterbo","La Porticella","Onde e vortici. Festival del Lazio intorno al lago di Bolsena","€ 6.000,00",
"Provincia di Viterbo","Università degli Studi della Tuscia","I Presidenti della Repubblica. Lo stile, le immagini pubbliche, l'Italia e l'Europa","€ 8.400,00",
"Provincia di Viterbo","Clio lab. Laboratorio di iniziative culturali","Gli archivi per la memoria e la storia di una comunità dell'Alto Lazio: il caso delle Sacre Pietre di Bolsena","€ 6.000,00",
"Provincia di Viterbo","Ass. cult. Sociale siciliana Accussì","Musica e parole di….","€ 8.400,00",
"Provincia di Viterbo","XXI secolo","Festival","€ 7.000,00",
"Provincia di Viterbo","Gioventù protagonista","Medioera- Festival della cultura digitale","€ 8.400,00",
"Provincia di Viterbo","Ass. cult. Athanor Eventi","Prima stagione teatrale del teatro comunale di Montalto di Castro","€ 8.400,00",
"Provincia di Viterbo","Archivio Flamigni Centro Documentazione","Frammenti di storia- Seconda edizione","€ 8.400,00",
"Provincia di Viterbo","Comune di Soriano nel Cimino","1° Festival","€ 8.400,00",
"Provincia di Viterbo","Incontri Mediterranei-Associazione Culturale","Organo e strumenti antichi XI Edizione- 7° Corso Internazionale di","€ 9.000,00",
"Provincia di Viterbo","Basket Day","Un anno di promozione cinematografica a","€ 8.800,00",
"Provincia di Viterbo","Amici della Musica","Beethoven Festival Sutri 2012-XI edizione","€ 8.600,00",
"Provincia di Viterbo","Damutea","Percorso di suoni- itinerario di eventi al confine tra archeologia, musica e teatro","€ 8.600,00",
"Provincia di Viterbo","Istituto comunale Progetto Musica","XV Rassegna Musica da Camera- Città di Ronciglione","€ 8.500,00",
"Provincia di Viterbo","Associazione Culturale Factotum","6° Est Film Festival","€ 8.500,00",
"Provincia di Viterbo","La Tana degli Orchi","Ludika 1243 XII Edizione","€ 8.400,00",
"Provincia di Viterbo","A.U.C.S. onlus Associazione Universitaria per la Cooperazione e lo Sviluppo","Immagini dal sud del mondo XVIII edizione","€ 8.400,00",
"Provincia di Viterbo","Comune di Tarquinia","Premio Tarquinia Cardarelli 2012","€ 8.400,00",
"Provincia di Viterbo","Guide Turistiche Provincia di Viterbo","La Tuscia nelle scuole. VI edizione","€ 6.000,00",
"Provincia di Viterbo","Gruppo PAX","Incontri interculturali Edizione 2012","€ 6.300,00",
"Provincia di Viterbo","Associazione culturale musicale A. Donati","Luciano Bonaparte- Principe di Canino","€ 6.000,00",
"Provincia di Viterbo","Comune di Bagnoregio","Civit'arte 2012","€ 8.400,00",
"Provincia di Viterbo","Slow food Capodimonte","Festival spazi e memoria, il teatro e la cultura tra le due guerre","€ 8.400,00",
"Provincia di Viterbo","Liceo Ginnasio Statale M. Buratti","Certamen viterbense della Tuscia- Edizione 2012","€ 8.400,00",
"Provincia di Viterbo","Emmaus Onlus","Nonni e nipoti tra cultura e tradizione- decima edizione","€ 6.000,00",
"Provincia di Viterbo","Associazione Valori del Rione Madonna del Piano","Concorso poeta anch'io","€ 6.000,00",
"Provincia di Viterbo","FITA- Comitato Provinciale Viterbo","Festival internazionale di teatro amatoriale-XVII premio Città di Viterbo","€ 8.400,00",
"Provincia di Viterbo","ARCI- Nuova Associazione Comitato Provinciale Viterbo","Estasiarci XIV Edizione","€ 6.300,00",
"Provincia di Viterbo","Centro Teatrale Viterbese","XXII Rassegna Nazionale di Teatro Ragazzi e giovani della città di Viterbo","€ 6.900,00",
"Provincia di Viterbo","Vera Stasi","Tuscania Danza","€ 8.400,00",
"Provincia di Viterbo","Compagnia Teatrale Sammartinese D. Morucci","XXIX Mese Teatrale Sammartinese","€ 6.000,00",
"Provincia di Viterbo","Camerata Polifonica Viterbese","Musica per la città"," Viaggio itinerante: la musica in Italia","€ 6.000,00"
"Provincia di Rieti","Comune di Borbona","VII edizione-“Festival  Regionale di Canto a Braccio""","€ 25.000,00",
"Provincia di Rieti","Comune di Cantalice","Concerti al chiostro 2012","€ 7.000,00",
"Provincia di Rieti","Comune  di Magliano","XI edizione “ Sabina Musica Festival”","€ 7.000,00",
"Provincia di Rieti","Comune di Colle di Tora"," Lo specchio e la luna: il segreto del lago” III ed","€ 6.000,00",
"Provincia di Rieti","Comune di Labro ","“ Festival della musica in strada”","€ 4.750,00",
"Provincia di Rieti","Comune di Toffia","XIII edizione “ Festival dei centri storici della valle del Farfa”","€ 4.750,00",
"Provincia di Rieti","Comune di Cittaducale ","Musica a più dimensioni","€ 3.600,00",
"Provincia di Rieti","Comune di Leonessa ","IV Rassegna Jazz leonessana","€ 3.600,00",
"Provincia di Rieti","Comune di Roccasinibalda","Festival dei teatri vivi","€ 3.600,00",
"Provincia di Rieti","Comune di Antrodoco","Quattro  Stagioni Festival","€ 3.200,00",
"Provincia di Rieti","Istituto comprensivo “ I.C.Mannetti”","Progetto teatro","€ 2.000,00",
"Provincia di Rieti","Comune di Greccio ","Musica da Greccio per…","€ 2.000,00",
"Provincia di Rieti","Comune di Poggio 
Nativo
","“C’era una volta a Poggio Nativo”","€ 2.000,00",
"Provincia di Rieti","Comune di Pozzaglia Sabina","Pozzaglia in musica ","€ 2.000,00",
"Provincia di Rieti","Comune di Scandriglia ","Progetto attività teatro danza musica","€ 2.000,00",
"Provincia di Rieti","Comune di P. Mirteto XXI Edizione “Grande cinema "," XXI Edizione “Grande cinema italiano”","€ 20.000,00",
"Provincia di Rieti","Comune di Casaprota ","XIX  edizione “Rassegna cinematografica Fausto Tozzi”","€ 4.800,00",
"Provincia di Rieti","Comune di Mompeo  "," “XIV Festival internazionale del corto in Sabina”","€ 4.800,00",
"Provincia di Rieti","XX Comunità Montana","III edizione “Paesaggio di voci”","€ 3.700,00",
"Provincia di Rieti","Comune di Torri in S.  "," “Contaminazioni d’arte 2012” ","€ 3.700,00",
"Provincia di Rieti","Università Agraria di Colle di Tora","“La valle incantata del lago Turano”","€ 2.590,35",
"Provincia di Rieti","Comune di Casperia "," Premio Ignazio Gennari III edizione","€ 2.000,00",
"Provincia di Rieti","Comune di Fara in Sabina","Progetto per il recupero dell’identità locale","€ 2.000,00",
"Provincia di Rieti","Comune di Pescorocchiano","Cultura e tradizioni a Pescorocchiano","€ 2.000,00",
"Provincia di Rieti","Comune di Stimigliano","Stimigliano in un click","€ 2.000,00",
"Provincia di Rieti"," Comunità Montana Salto Cicolano","“Tra le rocche e le stelle 2012”","€ 2.000,00",
"Provincia di Rieti","Ass.culturale  
“Ensemble cornistico”
 


 ","“ Suoni d’aria ad alta quota”
II edizione","€ 25.000,00",
"Provincia di Rieti","Ass.Fara Music ","Fara Music Festival VI edizione","€ 6.000,00",
"Provincia di Rieti","Circolo Arci ","InKiostrarci ","€ 5.000,00",
"Provincia di Rieti","Banda musicale Collevecchio","IV edizione “Festival sabino delle bande di strada","€ 3.793,56",
"Provincia di Rieti","Ass.musica Teatro ensemble","Musica nel tempo presente III edizione","€ 2.000,00",
"Provincia di Rieti","Ass. “ Ottavio Pitoni” ","Concerti ensemble","€ 2.000,00",
"Provincia di Rieti","Ass. Musikologiamo","JazzId Area Festival 2012","€ 2.000,00",
"Provincia di Rieti","Acc. Sabina Wind Orchestra","“ Sabina in musica…con sentimento”","€ 2.000,00",
"Provincia di Rieti","Ass. Musicale Poggio Bustone","Premio Poggio Bustone 2012 VIII edizione","€ 2.000,00",
"Provincia di Rieti","Eleuthera ","IX edizione “Settembre in musica”","€ 2.000,00",
"Provincia di Rieti","Ass. culturale Teatrando e…","Dal libro al teatro, parole scritte e parole dette","€ 2.000,00",
"Provincia di Rieti","Ass. culturale Amici del museo","Settimana musicale mirtense VII edizione","€ 2.000,00",
"Provincia di Rieti"," Comitato San Domenico onlus","Concerto di Natale e convegno","€ 2.000,00",
"Provincia di Rieti","Ass. culturale Teatrozeta","Viaggio tra i poeti a braccio","€ 2.000,00",
"Provincia di Rieti","Ass. La Compagnia degli Zanni","X incontro internazionale del Folclore nel Cicolano","€ 7.000,00",
"Provincia di Rieti"," Centro di ricerca e sperimentazione meta culturale","Arte R.I.E VIII edizione","€ 5.600,00",
"Provincia di Rieti"," Ass. Aesop ","Festival dell’audiovisivo ","€ 3.000,00",
"Provincia di Rieti"," Wright & Sing ","V  edizione del Concorso nazionale “Wright & Sing”","€ 2.000,00",
"Provincia di Rieti","Ass. valle del Salto"," La valle del Salto nei racconti dei viaggiatori III ed.","€ 2.000,00",
"Provincia di Rieti","Ass. Rosamunda  ","Suonava Rosamunda","€ 2.000,00",
"Provincia di Rieti"," Circolo culturale Turris Celiae","L’eco della memoria ","€ 2.000,00",
"Provincia di Rieti"," Ass. culturale Area ","Ali e radici II edizione","€ 2.000,00",
"Provincia di Latina","Comune di Fondi","Divina Giulia","€ 17.285,24",
"Provincia di Latina","Andromeda","Giallo e noir","€ 17.000,00",
"Provincia di Latina","Smart","Gente di palude","€ 16.000,00",
"Provincia di Latina","Comune di Formia","Restate a Formia","€ 15.000,00",
"Provincia di Latina","La Compagnia","Conoscere amare preservare","€ 13.000,00",
"Provincia di Latina","Ass. Cult. Cicerone ","Formia delle meraviglie","€ 12.000,00",
"Provincia di Latina","Alcide de Gasperi","Terme di Suio noir Festival","€ 10.000,00",
"Provincia di Latina","Folcklorica Minturno","Festival del sud pontino","€ 10.000,00",
"Provincia di Latina","Comune di Gaeta","Gaeta un mare di storia una storia da amare","€ 10.000,00",
"Provincia di Latina","Cloky for children","La macchina del tempo","€ 9.000,00",
"Provincia di Latina","Città di Minturno","Natale a Minturno tra arte e cultura","€ 9.000,00",
"Provincia di Latina","Comune di Sperlonga","Premio Grotta di Tiberio","€ 8.000,00",
"Provincia di Latina","Comune di Castelforte","Festival culturale Suio Terme 2012","€ 7.000,00",
"Provincia di Latina","Ass. Cult. Il gruppo folklorico città di Fondi ","XXVII Edizione Festival Folkloristico Internazionale","€ 6.000,00",
"Provincia di Latina","Tres Tabernae- Giostra del Saraceno","Palio delle Contrade","€ 6.000,00",
"Provincia di Latina","Teatrale Ghione ","Dalla pagina alla scena","€ 6.000,00",
"Provincia di Latina","Comune di Maenza","Dall'architettura del paesaggio alla costruzione delle città collinari","€ 5.000,00",
"Provincia di Latina","Almadela","Premio Caletta","€ 5.000,00",
"Provincia di Latina","Comune di Roccagorga","Centenario dell'eccidio di Roccagorga","€ 5.000,00",
"Provincia di Latina","Il setaccio","Teatro amatoriale sud pontino","€ 5.000,00",
"Provincia di Latina","Comune di campodimele","Folk meeting","€ 5.000,00",
"Provincia di Latina","Comune di Roccamassima","La mappa della memoria","€ 5.000,00",
"Provincia di Latina","Ass. Università Popolare","Latina storia di una città","€ 5.000,00",
"Provincia di Latina","I giovani filarmonici pontini","Rassegna concertistica","€ 5.000,00",
"Provincia di Latina","Comune di Sabaudia","Il parco e la commedia","€ 5.000,00",
"Provincia di Latina","Monte d'Argento","Il vernacolo marinaro minturnese","€ 5.000,00",
"Provincia di Latina","I giullari","A Traetto a Natale","€ 5.000,00",
"Provincia di Latina","Comune di Sermoneta","Sermoneta tra arte e cultura","€ 5.000,00",
"Provincia di Latina","Comune di Cori","Le forme della scrittura festival letteratura","€ 5.000,00",
"Provincia di Latina","Comune di Norma","Norma città solidale","€ 5.000,00",
"Provincia di Latina","Lestra","Contemporanea Avant gard","€ 5.000,00",
"Provincia di Latina","Comune di Roccasecca","I Volsci questi sconosciuti","€ 5.000,00",
"Provincia di Latina","Phoenix","Lo straordinario Golfo di Gaeta","€ 5.000,00",
"Provincia di Latina","Amici di Gaeta","La fabbrica del duomo- Mostra fotografica","€ 5.000,00",
"Provincia di Latina","Ormiai","L'arca","€ 5.000,00",
"Provincia di Latina","Il sogno di Ulisse","Visioni corte","€ 5.000,00",
"Provincia di Latina","Comune di Ponza","L'estate ponzese","€ 5.000,00",
"Provincia di Latina","Il corace","Un 2013 con buonumore","€ 5.000,00",
"Provincia di Latina","Cinema e società","Inventa un film","€ 5.000,00",
"Provincia di Frosinone","Ass. Cult. Diapason","RASSEGNA MUSICALE ""ASCOLTA LA CIOCIARIA"" VII EDIZIONE","€ 14.296,78",
"Provincia di Frosinone","Conservatorio Musica Licino Refice","LE RADICI DEL CANTO NELLA TERRA DI CIOCIARIA","€ 14.283,82",
"Provincia di Frosinone","Istituto Galileo CRFF","LE GIORNATE DELLA SCIENZA - VI EDIZIONE","€ 10.000,00",
"Provincia di Frosinone","Centro Studi Letterari Val di Comino","XX EDIZIONE INCONTRI INTERNAZIONALI DI POESIA DI ALVITO E XXXVII PREMIO LETTERARIO","€ 14.179,98",
"Provincia di Frosinone","Ass. Cult Cantieri Etnici","CASSINO MULTIETNICA SEDICESIMA EDIZIONE","€ 11.317,28",
"Provincia di Frosinone","Abbazia di Casamari onlus","FESTIVAL LIRICO DI CASAMARI","€ 12.644,13",
"Provincia di Frosinone","Comune di Frosinone","ANTICHE ARMONIE E LUOGHI"" - PERCORSI CULTURALI CON LA BANDA CONCERTISTICA ""A. ROMAGNOLI"" DI FROSINONE - PREMIO M° GESUALDO COGGI	€ 13.448,71
Ass. Cult. Il festival delle storie	IL FESTIVAL DELLE STORIE	€ 13.588,47
Comune di Isola Liri	LIRI BLUES FESTIVAL XXV EDIZIONE	€ 10.895,91
Ass. Fiuggi family festival	FIUGGI FAMILY FESTIVAL	€ 13.583,66
Ass. coro polifonico Josquin Des Pres Concentus Musicus Fabraternus	MUSICA NELLE BASILICHE 2012	€ 13.488,73
Comune di Anagni	FESTIVAL DEL TEATRO MEDIEVALE E RINASCIMENTALE DI ANAGNI - XIX EDIZIONE	€ 13.488,73
XIX Comunità Montana del Lazio l'Arco degli Aurunci	XXII FESTIVAL DEL FOLKLORE, DELLE ARTI E DELLE TRADIZIONI DEI MONTI AURUNCI	€ 13.488,73
Fondazione Adkis Chiti Donne in Musica	CONTROCANTO: INCONTRI CON LE COMPOSITRICI - DONNE IN JAZZ - NATALE IN MUSICA	€ 10.942,13
Comune di Cassino	CASSINOARTE 2012	€ 10.330,27
Comune di Alatri	42^ EDIZIONE FESTIVAL INTERNAZIONALE DEL FOLKLORE ""FLAVIO FIORLETTA","€ 10.660,54",
"Provincia di Frosinone","Comune di Arpino","CERTAMEN CICERONIANUM ARPINAS","€ 13.302,70",
"Provincia di Frosinone","Ass. cult. Kunoichi Promotion Agency","ATINA JAZZ SUMMER 2012","€ 13.302,70",
"Provincia di Frosinone","Ass. cult. ""Città Cultura""","CASSINO OFF - FESTIVAL DI TEATRO CIVILE","€ 10.643,92",
"Provincia di Frosinone","Ass. cult. Agenzia del Tempo","SATURNO INTERNATINAL FILM FESTIVAL OTTAVA EDIZIONE 2012 COMMEDIA ALL'ITALIANA, IERI, OGGI E…DOMANI","€ 13.033,21",
"Provincia di Frosinone","Ass. cult. ""pro arte et musica""","SOUND WAVE FESTIVAL 2012 (EX ALATRI IN BLUES)","€ 12.775,18",
"Provincia di Frosinone","Comune di Roccasecca","XVIII FESTIVAL SEVERINO GAZZELLONI","€ 5.000,00",
"Provincia di Frosinone","ISALM- Istituto di Storia ed Arte del Lazio Meridionale","ETNOSTORICA 23","€ 5.000,00",
"Provincia di Frosinone","Unione Musicale Ciociara- Ass. per la promozione e la divulgazione della musica e dello spettacolo","XVI CONCORSO NAZIONALE PER BANDA ""LA BACCHETTA D'ORO""","€ 5.000,00",
"Provincia di Frosinone","Centro studi Ricerche e Documentazione Marcello Mastroianni","OMAGGIO A MARCELLO MASTROIANNI","€ 5.000,00",
"Provincia di Frosinone","Atelier Lumiere- Associazione Culturale","CINEMA CHE PASSIONE ED. 2012/2013. PROGRAMMA IL CINEMA RITROVATO","€ 4.998,00",
"Provincia di Frosinone","Comune di Veroli","VEROLI FESTIVAL ""FASTI VEROLANI"" IL TEATRO DI STRADA XIII EDIZIONE","€ 5.000,00",
"Provincia di Frosinone","Ass. Music Art","5° CONCORSO NAZIONALE MUSIC ART","€ 5.000,00",
"Provincia di Frosinone","Comitato organizzatore Incontro internazionale di Cornisti ""guelfo Nalli""","23° INCOBNTRO INTERNAZIONALE DI CORNISTI ""GUELFO NALLI""","€ 5.000,00",
"Provincia di Frosinone","Ass. Cult. Pico Farnese","RACCONTI D'AUTUNNO, INCONTRI CON LA VITA E L'OPERA DI TOMMASO LANDOLFI","€ 3.000,00",
"Provincia di Frosinone","Psiche e Aurora - Associazione di Promozione Sociale","L'OMBRA DELLA SVASTICA SULLA CIOCIARIA","€ 1.800,00",
"Provincia di Frosinone","Ass. cult. Gli Paes Mei","8° INTERNATIONAL CHILDREN'S FOLK FESTIVAL ""LUIGI DI VICO""","€ 5.000,00",
"Provincia di Frosinone","Complesso Bandistico Samuele Pagano- città di Atina","GRAN GALA' DELLA MUSICA LIRICA","€ 3.000,00",
"Provincia di Frosinone","Ass. cult. Lakasatasakapata","ARTEXPO' - FIERA DELLA CULTURA - III EDIZIONE","€ 4.000,00",
"Provincia di Frosinone","Comune di Picinisco","D.H. LAWRENCE","€ 5.000,00",
"Provincia di Frosinone","comune di esperia","ESPERIA TRA CULTURA E FOLKLORE","€ 3.000,00",
"Provincia di Frosinone","Ass. cult. Civitas Artis","ALTRAMUSICA - RASSEGNA MUSICALE ITINERANTE","€ 4.800,00",
"Provincia di Frosinone","Fondazione Umberto Mastroianni","IL CERTAMEN INCONTRA L'ARTE VISIVA XVI EDIZIONE","€ 5.000,00",
"Provincia di Frosinone","Ass. cult. Indiegesta ","DIECIMINUTI FILM FESTIVAL 8","€ 3.000,00",
"Provincia di Frosinone","Rocca Compagnia teatrale Scacciapensieri","TEATRANDO IN CIOCIARIA","€ 3.000,00",
"Provincia di Frosinone","Ass. Il cartello per la promozione e la diffusione delle arti","OTTO ARTE 15^ EDIZIONE ""LA POETCA DELLA TENACIA""","€ 5.000,00",
"Provincia di Frosinone","Comune di Fiuggi","FIUGGI COMICS","€ 3.000,00",
"Provincia di Frosinone","Ass. di promozione sociale Genesi","LE EPIGRAFI DELLA VALLE DI COMINO","€ 5.000,00",
"Provincia di Frosinone","Amici della musica di San Donato Valcomino","FIABA IN MUSICA","€ 3.000,00",
"Provincia di Frosinone","gruppo Folk Ciociaro Valle di Comino","NATALE INSIEME 2012 - RASSEGNA INTERNAZIONALE DI STRUMENTI POPOLARI","€ 5.000,00",
"Provincia di Frosinone","Ass. cult. Colli ","CIOCIARIA IN…ALE","€ 5.000,00",
"Provincia di Frosinone","Comune di Boville Ernica","BOVILLE ETNICA","€ 3.000,00",
"Regione Lazio","Fondazione Romaeuropa Arte e Cultura ","Romaeuropa Festival 2012","€ 140.000,00",
"Regione Lazio","FONDAZIONE CAMPUS INTERNAZIONALE DI MUSICA ","48° Festival pontino","€ 65.000,00",
"Regione Lazio","MEDIASCENA EUROPA ","Circuito regionale di danza e di balletto","€ 60.000,00",
"Regione Lazio","Soc. Coop. Teatro Stabile delle Arti Medioevali ","Quartieri dell'arte","€ 60.000,00",
"Regione Lazio","Associazione giovanile di promozione sociale Juppiter ","La casa delle arti","€ 60.000,00",
"Regione Lazio","Associazione culturale Il triangolo scaleno ","Teatri di vetro","€ 55.000,00",
"Regione Lazio","Istituzione Universitaria dei Concerti ","Suoni, voci e danze","€ 50.000,00",
"Regione Lazio","Area06 ","Area 06 project","€ 50.000,00",
"Regione Lazio","ACCADEMIA FILARMONICA ROMANA ","LA MUSICA DA CAMERA - DAL BAROCCO AL CONTEMPORANEO","€ 50.000,00",
"Regione Lazio","Ass. Cult. La Ribalta Centro Studi Enrico Maria Salerno ","Teatro Libero di Rebibbia","€ 50.000,00",
"Regione Lazio","CIRCOLO DEL CINEMA LUCE A CAVALLO ","Etruria Ecofestival 2012","€ 50.000,00",
"Regione Lazio","Associazione Culturale Athena Arte Eventi ","Grande Musica in Chiesa","€ 40.000,00",
"Regione Lazio","CENTRO RICERCHE TEATRALI SCENAMADRE ","XI Festad'Africa Festival Internazionale","€ 40.000,00",
"Regione Lazio","Associazione Culturale Procult ","MARTElive System","€ 35.000,00",
"Regione Lazio","CONSORZIO TEATRO TUSCIA ","Ferento 2012","€ 35.000,00",
"Regione Lazio","ACT RONCIGLIONE ","Tuscia in Jazz Festival 11 edizione","€ 35.000,00",
"Regione Lazio","I Dispari ","Festival Caffeina Cultura-Sesta edizione","€ 30.000,00",
"Regione Lazio","C.T.M. Centro Teatro Musica Onlus ","Lazio Festival","€ 30.000,00",
"Regione Lazio","Teatro Potlach ","Festival Lab. Interculturale di pratiche teatrali","€ 30.000,00",
"Regione Lazio","Europa Musica ","Cento Città  in Musica IX edizione","€ 30.000,00",
"Regione Lazio","INVITO ALLA DANZA ","Rassegna Internazionale INVITO ALLA Danza  2012","€ 25.000,00",
"Regione Lazio","COMUNE DI RIETI ","RIETI DANZA FESTIVAL 2012 - CONCORSO INTERN. DANZA","€ 25.000,00",
"Regione Lazio","Pentagono Produzioni Associate ","TEATRI DI PIETRA LAZIO","€ 25.000,00",
"Regione Lazio","Ass. Cult. Archivio Aurunco "," RE.FO.LA. RETE DEL FOLKLORE NEL LAZIO (XV ed.)","€ 25.000,00",
"Regione Lazio","ASSOCIAZIONE CULTURALE UNICAEVENTI ","OBOLON PROGETTO ESPERENZIALE","€ 25.000,00",
"Regione Lazio","ASI CIAO Coordinamento Provinciale di Roma ","Festival SPAZI  E  MEMORIA - XII EDIZIONE","€ 20.000,00",
"Regione Lazio","Associazione Concertistica Romana ","Festival Pianistico di Roma - undicesima edizione","€ 20.000,00",
"Regione Lazio","Istituto Addestramento Lavoratori Spettacolo "," Rete dei centri video di danza nel Lazio ","€ 20.000,00",
"Regione Lazio","Settimo Cielo ","Contemporanea Aniene Pop Festival","€ 20.000,00",
"Regione Lazio","Coop. Teatro91 "," I Solisti del Teatro","€ 15.000,00",
"Regione Lazio","CADMO ","LE VIE DEI FESTIVAL 2012","€ 15.000,00",
"Regione Lazio","ERA DEA ASSOCIAZIONE CULTURALE ","Occhi e Orecchie per la Poesia VIII edizione ","€ 15.000,00",
"Regione Lazio","COMUNE DI FRASCATI ","FESTIVAL INTERNAZIONALE DELLE VILLE TUSCOLANE ED.","€ 10.000,00",
"Regione Lazio","Associazione Culturale iTusci ","Suoni e Passi della Tradizione - Civics Fest","€ 10.000,00",
"Regione Lazio","Fondazione per la Cultura Ebraica Elio Toaff ","Giornata Europea della Cultura Ebraica","€ 10.000,00",
"Regione Lazio","ASSOCIAZIONE CULTURALE MUSICA E TERRITORIO ","JazzUp Festival 2012 7a edizione","€ 10.000,00",
"Regione Lazio","ASSOCIAZIONE MUSICALE ERNICO-SIMBRUINA ","XXXII FESTIVAL DELLE CITTA' MEDIEVALI","€ 10.000,00",
"Regione Lazio","Associazione Culturale MArteCard  ","Auff!!","€ 12.570,00",
"Regione Lazio","Associazione Culturale Index Muta Imago","In Tahrir","€ 14.000,00",
"Regione Lazio","ASSOCIAZIONE CULTURALE MK "," IMPRESSIONI D'AFRICA","€ 10.150,00",
"Regione Lazio","Aton-Dino Verga Danza"," Kisetsu No Iro -Il Colore delle Stagioni","€ 14.000,00",
"Regione Lazio","Spellbound "," LOST FOR WORDS -L'Invasione delle parole vuote"" Studio III - Creazione 2013","€ 14.000,00",
"Regione Lazio","MTM mimoteatromovimento  ","PARTE LU BASTIMENTO....","€ 12.000,00",
"Regione Lazio","SPETTACOLI DI MATEMATICA ASSOCIAZIONE DI PROMOZIONE SOCIALE ","UNA MAGIA SARACENA: Math Show ","€ 12.000,00",
"Regione Lazio","Roma Teatro Service"," L'opera del mendicante. Commedia musicale","€ 12.000,00",
"Regione Lazio","Coop. La Fabbrica dell'Attore (ONLUS) ","LightBlacK°","€ 11.760,00",
"Regione Lazio","ASSOCIAZIONE CULTURALE ATACAMA ONLUS ","GALLEGGIO, ANNEGO, GALLEGGIO","€ 7.500,00",
"Regione Lazio","Associazione Culturale Politecnico Teatro  ","BARBONI - FAVOLA METROPOLITANA","€ 10.000,00",
"Regione Lazio","CIULINGA ","residuale_ forma 1, spaziamento e giustapposizione","€ 5.250,00",
"Regione Lazio","Amici del Teatro di Documenti ","TREDUE Fratello Sorella, Uomo Donna, Madre Figlio. ","€ 9.950,00",
"Regione Lazio","ASD Orange Dream ","TeaTVo","€ 10.000,00",
"Regione Lazio","Associazione Culturale Diapason  ","LABORATORIO ORCHESTRALE E TEATRALE DIAPASON","€ 5.000,00",
"Regione Lazio","ASSOCIAZIONE CULTURALE PROGETTO GOLDSTEIN  ","ADAMO & EVA","€ 8.750,00",
"Regione Lazio","Associazione Teatrale Latitudine Teatro°  ","Sotto un cielo di polvere ... per non dimenticare...","€ 9.220,00",
"Regione Lazio","Ruotalibera Soc. Coop. di Servizi Culturali "," BAMBINA MIA ","€ 9.800,00",
"Regione Lazio","Centro Ricerche Musicali - CRM    ","CANTO DELLA MATERIA","€ 10.000,00",
"Regione Lazio","Associazione Culturale Santasangre"," Harawi","€ 9.000,00",
"Regione Lazio","Associazione Culturale-Ricreativa Nero Artifex "," NON E' VERO NIENTE","€ 10.000,00",
"Regione Lazio","ASSOCIAZIONE SOCIOCULTURALE ATTIVITA' POLIVALENTI DI QUARTIERE - ASPQ  ","L'INVISIBILE. IL NOSTRO D'ANNUNZIO","€ 8.750,00",
"Regione Lazio","La Dramaturgie  ","Factory","€ 9.200,00",
"Regione Lazio","Associazione Culturale Urlo ","Il capolavoro sconosciuto","€ 10.000,00",
"Regione Lazio","Associazione Inscena  ","EMOZIONI","€ 9.100,00",
