"Ente","Soggetto beneficiario","Progetto","Contributo"
"Comune di roma","Coop. Moiselle Le Blanc","Le parole sono donne a Villa Leopardi","€ 30.000,00"
"Comune di roma","Ass. Teatro Greco Dance Company","Pantheos, integrazione delle arti e delle culture nella danza","€ 20.000,00"
"Comune di roma","Ass. Le scarpe di Van Gogh","Campo di battaglia","€ 10.000,00"
"Comune di roma","Ass.Minimum Fax Live","Book Show 2010","€ 30.000,00"
"Comune di roma","Ass.Musicart&natura","Racconta il mondo N.Y. Ediction","€ 20.000,00"
"Comune di roma","Ass.Arangara","Dea Ebe, giovani, viaggio ed identità","€ 10.000,00"
"Comune di roma","Compagnia del Mediterraneo","Regine, 2^ edizione","€ 30.000,00"
"Comune di roma","Ass. Trousse","Montesacro in festival","€ 20.000,00"
"Comune di roma","Ass. Verba Volant","On an evening in Roma","€ 10.000,00"
"Comune di roma","Ass.Kollatino Underground","Anomalie 2010","€ 30.000,00"
"Comune di roma","Ass. Shanbhala","Medio Evo in piazza","€ 20.000,00"
"Comune di roma","Coop. Soc. Eureka","Social Streetart-Festival itinerante di arti urbane e sociali","€ 10.000,00"
"Comune di roma","Ass. Padiglione Ludwig","Festival teatrale Pigneto","€ 40.000,00"
"Comune di roma","Ass. Circolo del cinema Alphaville","Cinema ed altre armonie","€ 10.000,00"
"Comune di roma","Ass.Tramartis","Arcipelago 7 donna","€ 30.000,00"
"Comune di roma","Ass. The way to the indies","Tor Tre Teste Festival","€ 20.000,00"
"Comune di roma","Panharmonikon Orchestra","Musicaltera estate 2010","€ 10.000,00"
"Comune di roma","Ass. Seven Cults","8ebbrezze","€ 40.000,00"
"Comune di roma","Ass. Beat 72","Convergenze Urbane","€ 20.000,00"
"Comune di roma","Ass. L'albero di Minerva","Posto unico a Villa Lais per ogni ""unico"" spettatore","€ 30.000,00"
"Comune di roma","Ass. Centro Culturale Giuseppe Gioachino Belli","Rassegna delle tradizioni romane e romanesche vernacolari del Lazio","€ 20.000,00"
"Comune di roma","Ass. L'orto delle tavole","giugno in festa","€ 10.000,00"
"Comune di roma","Soc. Coop. a.r.l. Le rose blu","Black","€ 30.000,00"
"Comune di roma","Soc. Coop. a.r.l.Impronta","Roma salta in aria Hip Hop--Parhour-Reggae-Circus art","€ 20.000,00"
"Comune di roma","Ass. Spazio Autogestito","Sensoralia, spazio di percezione multimediale","€ 10.000,00"
"Comune di roma","Ass. Il Palcoscenico","Ai confini della realtà","€ 30.000,00"
"Comune di roma","Ass. Multirifrazione Progetti","Normali marziani","€ 30.000,00"
"Comune di roma","Ass. Ondadurto Teatro","Ineuroff 10","€ 40.000,00"
"Comune di roma","Ass. La Capriola Abraxa Teatro","Dalle case…alle stelle","€ 20.000,00"
"Comune di roma","Ass. Teatro del Beau","Un palco al parco","€ 30.000,00"
"Comune di roma","Ass. Stranopesce","Per terra e per mare","€ 20.000,00"
"Comune di roma","Ass. Verso/Zaum","Festival delle Terrazze","€ 10.000,00"
"Comune di roma","Ass. Eleusis","Forte spettacolo","€ 40.000,00"
"Comune di roma","Ass. Teatron. Org","Performing Arvalia","€ 20.000,00"
"Comune di roma","Ass. Isole Traverse","Serate d'autore, 2^ edizione","€ 40.000,00"
"Comune di roma","Ass. La Giostra","Serate d'arte a Villa Pamphili","€ 20.000,00"
"Comune di roma","Ass. Alcatraz","Tra cielo e terra, solstizio d'estate 2010","€ 40.000,00"
"Comune di roma","Ass. Farfa nell'arte","Incontro di civiltà a piazza Risorgimento","€ 20.000,00"
"Comune di roma","Ass. Il Trattato del Capitano","Musichestate","€ 40.000,00"
"Comune di roma","Ass. F.M. Produzioni","Serate d'estate a Villa Carpegna","€ 20.000,00"
"Comune di roma","Ass. Kipling Academy","Cultura all'angolo, 2^ edizione","€ 40.000,00"
"Comune di roma","Ass. Centro Teatro Musica","Torresina Festival","€ 20.000,00"
"Comune di roma","Ass. Sound & Image","Musica senza confini","€ 30.000,00"
"Comune di roma","Ass. La Torre e il Sole","Picture sounds","€ 20.000,00"
"Comune di roma","Ass. Primato","Casa del giallo-Rassegna sul giallo d'autore: ""Il mio nome è Connery, Sean Connery""","€ 10.000,00"
"Provincia di Roma","COMUNE DI SAMBUCI","Piccoli Borghi in Festa","€ 32.640,00"
"Provincia di Roma","EUROPA MUSICA","Cento Città in Musica - VII Ed.","€ 40.000,00"
"Provincia di Roma","OFFICINA FILM CLUB","Aniene Film Festival. Cinema della Terra - II Ed.","€ 39.852,00"
"Provincia di Roma","GRUPPO D.I.R.E.","Tempo di esposizione.  La carovana dei racconti - II Ed.","€ 38.400,00"
"Provincia di Roma","COMUNITA' MONTANA LAZIO XI","Tuscolo luogo primitivo dell'anima - VIII Ed.","€ 40.000,00"
"Provincia di Roma","COMUNE DI NETTUNO","Alla scoperta delle nostre radici","€ 13.320,00"
"Provincia di Roma","COMUNITA' GIOVANILE ZAMPANO'","Castelli in Africa  Festival - III Ed.","€ 30.400,00"
"Provincia di Roma","CIRCUITO DANZA LAZIO","ALTERazioni 2010 - III Ed.","€ 30.400,00"
"Provincia di Roma","COOP -  ART","I concerti dell'Accademia degli Sfaccendati 2010","€ 40.000,00"
"Provincia di Roma","LINUX CLUB ITALIA","LPM 2010 Live Performers meeting","€ 32.000,00"
"Provincia di Roma","LA STANZA DELLE ROSE","Jeaux d'art a la villa d'Este-V ed.","€ 39.360,00"
"Provincia di Roma","RELOADING","ALTERrnative","€ 18.260,00"
"Provincia di Roma","ARTMOSFERA","Arte Live Project","€ 33.600,00"
"Provincia di Roma","COMUNE DI GENAZZANO","La Musica che unisce. Mediterraneo/Europa: dalla musica popolare a Mozart","€ 19.200,00"
"Provincia di Roma","COMUNE DI NEMI","Festival dei due laghi","€ 28.800,00"
"Provincia di Roma","COMUNE DI SEGNI","Le Pietre dei Ciclopi","€ 29.808,00"
"Provincia di Roma","LUPUS IN FABULA","L'Albatros. Premio per la letteratura di viaggio - XIII Ed.  ","€ 32.560,00"
"Provincia di Roma","CIRCOLO GIANNI RODARI","La memoria cantata. Festa della poesia a braccio dei Monti della Tolfa - III Ed.","€ 11.856,00"
"Provincia di Roma","369GRADI","Attacchi di CORE 2","€ 30.720,00"
"Provincia di Roma","CONSORZIO SISTEMA BIBLIOTECARIO CASTELLI ROMANI","Sagre e Profane: i piaceri del bosco","€ 15.840,00"
"Provincia di Roma","SCUOLA POPOLARE MUSICA TESTACCIO","Tutti vogliono fare jazz","€ 40.000,00"
"Provincia di Roma","KOLLATINO UNDERGROUND","Contemporanea. Rassegna Drammaturgia contemporanea sperimentale","€ 37.464,00"
"Provincia di Roma","COMUNE DI ARCINAZZO ROMANO","Premio Naz. di cultura  Altipiani di Arcinazzo - XII Ed.","€ 40.000,00"
"Provincia di Roma","UNIONE COMUNI MEDANIENE ","Medaniene giovani.Estensioni innesti","€ 40.000,00"
"Provincia di Roma","COMUNE DI CAMPAGNANO SISTEMA BIBL. CERETANO-SABATINO ","Libro dell'oca","€ 8.400,00"
"Provincia di Roma","SCUOLA POPOLARE DI MUSICA DONNA  OLIMPIA","Rassegna di concerti ""Prove d'Orchestra 2010""","€ 40.000,00"
"Provincia di Roma","ACCADEMIA ITALIANA DEL FLAUTO","Flautissimo 2010 - XV Ed.","€ 32.736,00"
"Provincia di Roma","COMUNE DI CERVETERI","Etruria Eco-Festival - IV Ed.","€ 40.000,00"
"Provincia di Roma","TEK FESTIVAL","Tek Festival ai confini del mondo dentro l'occidente","€ 30.400,00"
"Provincia di Roma","MONDIAL SOUND","L'eco … ritmo sacro. Festival itinerante - VI Ed.","€ 39.200,00"
"Provincia di Roma","NUOVA CONSONANZA","Romantik - 47° festival di Nuova Consonanza","€ 32.000,00"
"Provincia di Roma","MUSICA & ARTE","Cantiere Musica - VIII Ed.","€ 36.000,00"
"Provincia di Roma","COMUNE DI S. ANGELO ROMANO","19° Festival internazionale del folklore. Progetto intercomunale","€ 40.000,00"
"Provincia di Roma","COMUNE DI ROCCA S. STEFANO","La Banda: cultura e tradizione di un popolo attraverso la musica che unisce","€ 16.000,00"
"Provincia di Roma","LA TECA","In viaggio col bardo","€ 24.000,00"
"Provincia di Roma","UN SORRISO PER UN SORRISO","Brevi storie naturali","€ 33.200,00"
"Provincia di Roma","LA CITTADELLA","Jazz and Boat - I Ed.","€ 21.600,00"
"Provincia di Roma","SEVEN","Guerra e Pace Film Festival - VIII Ed.","€ 16.000,00"
"Provincia di Roma","IL TROVATORE","Burattini in piazza","€ 8.520,00"
"Provincia di Roma","LE SIRENE ASS. CULT.","Dialog Festival","€ 29.968,00"
"Provincia di Roma","COMUNE DI POLI","La Cultura fa spettacolo","€ 16.000,00"
"Provincia di Roma","CERCLE","Rifrazioni Festival Arte Contemporanea 2010","€ 21.984,00"
"Provincia di Roma","MUOVILEIDEE","Da donne a donna - I Ed.","€ 38.400,00"
"Provincia di Roma","EPICENTRO ARTE","Concerto Multimediale Don Giovanni","€ 7.680,00"
"Provincia di Roma","INSIEME PER L'EUROPA","Caro cinema Italiano 2010","€ 23.136,00"
"Provincia di Roma","IL PALLONCINO ROSSO","UNO spettacolo per tutti","€ 10.080,00"
"Provincia di Roma","MONTE PELLECCHIA","Tradizioni popolari nella Valle dell'Ustica","€ 6.840,00"
"Provincia di Roma","BRISTOL","L'altra estate alla Garbatella","€ 14.000,00"
"Provincia di Roma","COLLE DI GIANO","CortiGiano Video Festival - VII Ed.","€ 8.362,00"
"Provincia di Viterbo","Associazione culturale musicale A. Donati","Premio Culturale Luciano Bonaparte Principe di Canino","€ 3.000,00"
"Provincia di Viterbo","Comune di Acquapendente","Impronte dal passato: Viaggio nella civiltà contadina e artigiana anno 2010 ""recupero memorie storiche""","€ 3.000,00"
"Provincia di Viterbo","Comune di Gallese","Festival Marco Scacchi X edizione","€ 2.800,00"
"Provincia di Viterbo","Associazione Valori del Rione Madonna del Piano","Poeta anch'io","€ 2.344,00"
"Provincia di Viterbo","Compagnia Teatrale Sammartinese D. Morucci","XXVII Mese Teatrale Sammartinese","€ 2.600,00"
"Provincia di Viterbo","Maninalto","Burattini a zonzo di estate","€ 2.600,00"
"Provincia di Viterbo","Comune di Monte Romano","Laboratorio multidisciplinare delle arti anche per ragazzi diversamente abili","€ 2.400,00"
"Provincia di Viterbo","Il Pulsante Leggero","""La foto rupestre"" 3^ edizione Un percorso culturale tra storia e natura nel territorio della Tuscia meridionale tra le antiche strade Francigena e Amerina","€ 2.400,00"
"Provincia di Viterbo","Associazione Culturale Halesus","GTS- Gruppo Teatrale Spontaneo","€ 1.980,00"
"Provincia di Viterbo","Stelle cadenti","Arte Contemporanea a Bassano in Teverina","€ 2.400,00"
"Provincia di Viterbo","Compagnia Teatro Popolare Peppino Liuzzi","Terza edizione del Festival","€ 2.400,00"
"Provincia di Viterbo","Il Castellaccio","Il Castellaccio racconta- Multietnica 2010-Festival dei sensi","€ 2.400,00"
"Provincia di Viterbo","Fata Morgana","(ac) Cenni di (con)Temporaneo ' 010 VII edizione","€ 2.200,00"
"Provincia di Viterbo","ANSPI-Gallese","Musical","€ 2.200,00"
"Provincia di Viterbo","circomare teatro","""Passeggiata al chiaro di luna""","€ 2.200,00"
"Provincia di Viterbo","Compagnia teatrale In…Stabile","Quarta rassegna teatrale Fidelitas- premio Sandro e Marco","€ 2.200,00"
"Provincia di Viterbo","Associazione Culturale Barbarano Cultura ","Documentare il territorio","€ 2.200,00"
"Provincia di Viterbo","Le Nove Muse Ass.ne Musica, Spettacolo, Arte e Cultura","II Laboratorio di Teatro Residenziale","€ 2.000,00"
"Provincia di Viterbo","Gruppo GIAD","I Giovani in Teatro","€ 2.000,00"
"Provincia di Viterbo","Universitaria Spatrimonio","Cantieri d'Arte V edizione","€ 2.000,00"
"Provincia di Viterbo","Fondazione Solidarietà e Cultura","Paesaggi Interiori","€ 2.000,00"
"Provincia di Viterbo","Associazione Artistico Culturale Ing Carlo Cecchini","Convivio in Musica 2010","€ 3.000,00"
"Provincia di Viterbo","Staff Music School","Concerto di fine anno degli allievi della Staff Music School","€ 1.800,00"
"Provincia di Viterbo","Camerata Polifonica Viterbese","Musica per la città- VI Edizione: Sulla via del Sacro","€ 2.600,00"
"Provincia di Viterbo","Schola Cantorum S. Maria della Quercia","XI Rassegna polifonica","€ 1.800,00"
"Provincia di Viterbo","Messico e Nuvole","Ortaccio Jazz Festival","€ 2.200,00"
"Provincia di Viterbo","Associazione Musicale","Festa della Musica","€ 2.000,00"
"Provincia di Viterbo","Associazione Culturale Musical 2000","2^ edizione TEA- LAB","€ 2.000,00"
"Provincia di Viterbo","Musicultura-Associazione Culturale","""La Grande orchestra dei Piccoli"" concerti intercomunali dei giovani musicisti","€ 2.000,00"
"Provincia di Viterbo","Associazione Sportiva Dilettantistica Golden Dance School","DANCE&MUSIC SHOW-6° EDIZIONE","€ 2.000,00"
"Provincia di Viterbo","Il Palcoscenico","UNA NOTA PER AMICA","€ 2.000,00"
"Provincia di Viterbo","Associazione Corale S.Maria dell'Edera- Don Sebastiano Fasone","X RASSEGNA POLIFONICA ""ITINERANTE"": ""OMAGGIO A MARIA""","€ 1.800,00"
"Provincia di Viterbo","Associazione culturale Chiave di Volta","Musica dal mondo","€ 1.800,00"
"Provincia di Viterbo","Comune di Marta","Settimana della Cultura-tra Storia e Musica","€ 1.800,00"
"Provincia di Viterbo","Moto Perpetuo","Lezioni Concerto","€ 1.600,00"
"Provincia di Viterbo","Guide Turistiche Provincia di Viterbo","la Tuscia nelle scuole - IV edizione","€ 3.000,00"
"Provincia di Viterbo","Emmaus Onlus","""Nonni e nipoti alla scoperta dei borghi medioevali"" Viterbo 4-11 settembre 2010 Ottava Edizione","€ 3.000,00"
"Provincia di Viterbo","Comitato Caprarola per Luigi Einaudi","Lezioni a Palazzo Farnese","€ 2.600,00"
"Provincia di Viterbo","Comune di Celleno","La memoria di Celleno nuovo, città di fondazione","€ 2.400,00"
"Provincia di Viterbo","Centro Studi per il patrimonio di S. Pietro in Tuscia","Atti XV e XVI giornate di studio per la storia della Tuscia","€ 2.400,00"
"Provincia di Viterbo","Comune di Bassano Romano","Chiedi alla polvere","€ 1.700,00"
"Provincia di Viterbo","Percorsi","La "" Banca del racconto"" III Edizione","€ 3.000,00"
"Provincia di Viterbo","Associazione Poggio del Lago","Passeggiata archeologica tra ipogei falisco-etruschi, fornaci romane, eremi altomedievali…e buona musica","€ 3.000,00"
"Provincia di Viterbo","Comune di Capranica","Buon Compleanno Capranica: Festa del VII Luglio","€ 3.000,00"
"Provincia di Viterbo","Comitato centro storico Viterbo","Eventi storico medievali di Viterbo","€ 3.000,00"
"Provincia di Viterbo","Comitato festeggiamenti Pianoscarano-Carmine-Salamaro","Palio delle botti-festa dell'uva 2010 a Pianoscarano","€ 2.800,00"
"Provincia di Viterbo","Girolamo Fabrizio-Società Cooperativa","MANIPOLARTE-7a EDIZIONE","€ 2.100,00"
"Provincia di Viterbo","DivaCassia","…all'opre femminili intenta…tabacco e tabacchine a Vetralla","€ 2.800,00"
"Provincia di Viterbo","Comune di Onano","15^ FESTA DELLA PRIMAVERA","€ 2.400,00"
"Provincia di Viterbo","Associazione INFIORATORI DI VIGNANELLO","INFIORATA UNA TRADIZIONE DA DIFENDERE E SVILUPPARE","€ 2.200,00"
"Provincia di Viterbo","ARISA","GIORNATA NAZIONALE DEI CAMMINI FRANCIGENI-APPUNTAMENTO ANNUO","€ 2.200,00"
"Provincia di Viterbo","ASSOCIAZIONE CENTRO SOCIALE ANZIANI POLIVALENTE DI SPOLETINO-PIAN DELLA BRECCIA-CASENUOVE","""GLI EX BIFOLCHI DELLA TEVERINA"" CANTI E BALLI POPOLARI","€ 2.200,00"
"Provincia di Viterbo","Banda Musicale Ferentum","6° FESTIVAL PROVINCIALE DELLE SCUOLE MUSICALI","€ 2.200,00"
"Provincia di Viterbo","Centro Sperimentale Musicale per l'Infanzia","PIACERE DI CONOSCERCI","€ 10.000,00"
"Provincia di Viterbo","Comune di Bomarzo","Leggere insieme le fiabe della tradizione viterbese","€ 10.000,00"
"Provincia di Viterbo","DAMUTEA","Percorso di suoni-itinerario di eventi al confine tra archeologia, musica e teatro","€ 10.290,00"
"Provincia di Viterbo","Artemusica","Tuscia Operafestival 2010","€ 21.000,00"
"Provincia di Viterbo","Associazione Culturale I Dispari","Caffeina cultura","€ 21.000,00"
"Provincia di Viterbo","Nuova Viterbo 2000","ABITARE L'ARTE-CAPOLAVORI IN TUSCIA (direzione artistica Arch. Raffaele Ascenzi)","€ 12.600,00"
"Provincia di Viterbo","La Tana degli Orchi","Ludika 1243: Alla scoperta del medioevo viterbese","€ 12.250,00"
"Provincia di Viterbo","S.Giacinta Marescotti","I Cappuccini nella Tuscia Viterbese: frati pittori e opere d'arte per le chiese cappuccine (1535-1779)","€ 21.000,00"
"Provincia di Viterbo","King Kong Studios","Il Teatro dei Farnese 2010","€ 21.000,00"
"Provincia di Viterbo","Archivio di Stato di Viterbo","Il territorio negli anni 1925-30","€ 10.000,00"
"Provincia di Viterbo","Te. BO - Teatro Boni","Teatro diffuso - Anima e terra","€ 10.000,00"
"Provincia di Viterbo","Incontri Mediterranei- Associazione Culturale","Festival Internazionale di Organo e Strumenti Antichi-IX Edizione; 5° Corso Internazionale di Musica Antica ""Ottaviano Alberti""","€ 21.000,00"
"Provincia di Viterbo","Amici della Musica","BEETHOVEN FESTIVAL SUTRI 2010- IX edizione","€ 10.500,00"
"Provincia di Viterbo","Canto di Eea","Incontri Musicali VIII Edizione","€ 10.000,00"
"Provincia di Viterbo","L'Albero del Sapere","L'Etruria rupestre dalla protostoria al Medioevo: insediamenti, necropoli, monumenti. Confronti","€ 10.000,20"
"Provincia di Viterbo","Gruppo interdisciplinare per lo Studio della cultura tradizionale dell'Alto Lazio","X incontro- TRA ARNO E TEVERE- Riti primaverili Espressioni del Teatro Popolare","€ 10.500,00"
"Provincia di Viterbo","Liceo Ginnasio Statale M. Buratti","Certamen Viterbiense della Tuscia- Edizione 2010","€ 21.000,00"
"Provincia di Viterbo","Centro Studi culturali e di storia patria","""ASPETTANDO IL 2011…150° ANNIVERSARIO UNITA' D'ITALIA","€ 21.000,00"
"Provincia di Viterbo","Ente Ottava Medievale","Ottava di Sant'Egidio Manifestazione Storico Rievocativa 39esima edizione","€ 21.000,00"
"Provincia di Frosinone","Compagnia teatro dell'appeso","Il teatro e le voci","€ 14.236,68"
"Provincia di Frosinone","Associazione culturale agenzia del tempo","Saturno International Film Festival 2010","€ 25.753,60"
"Provincia di Frosinone","Gruppo folk ciociaro ""Valle di Comino""","Natale insieme-rassegna internazionale di strumenti popolari/musici","€ 7.080,00"
"Provincia di Frosinone","XIX Comunità montana del Lazio ""L'arco degli Aurunci""","Festival del folklore, delle arti e delle tradizioni dei Monti Aurunci","€ 25.316,00"
"Provincia di Frosinone","Associazione culturale cantieri etnici","Cassino multietnica","€ 11.752,15"
"Provincia di Frosinone","Centro Studi letterari ""Val di Comino""","Incontri internazionali di poesia di Alvito e Val di Comino","€ 24.342,34"
"Provincia di Frosinone","Associazione ""Amici del teatro del Cassinate""","Rassegna teatrale popolare napoletana","€ 9.668,75"
"Provincia di Frosinone","Associazione Culturale ""Palcoscenico di stelle""","Sogno, il primo musical nel musical","€ 24.222,00"
"Provincia di Frosinone","Associazione Culturale ""Letterature dal fronte""","Premio internazionale città di Cassino. Letterature  dal fronte.","€ 10.000,00"
"Provincia di Frosinone","Comitato organizzatore incontro internazionale di cornisti ""Guelfo Nalli""","Incontro internazionale di cornisti ""Guelfo Nalli""","€ 10.102,00"
"Provincia di Frosinone","Comune di Acquafondata","Festival nazionale ed internazionale della zampogna","€ 16.892,20"
"Provincia di Frosinone","Associazione culturale ""Esperia nel mondo""","Festival ""Talenti nel basso Lazio""","€ 12.384,83"
"Provincia di Frosinone","Associazione culturale società del cinema Nino Manfredi","Festival cinematografico ciociaro. Cinema e Ciociaria","€ 23.346,80"
"Provincia di Frosinone","Associazione musicale Coro polifonico ""Josquin des pres""","Musica nelle basiliche","€ 18.675,42"
"Provincia di Frosinone","Associazione Culturale Musicale Note Classiche","Cassino guitar Festival & dintorni","€ 19.676,43"
"Provincia di Frosinone","Associazione Culturale Teatro Labrys","Un palcoscenico per tutti","€ 11.067,74"
"Provincia di Frosinone","Associazione Culturale ""La Mandragola""","Giovani artisti in scena","€ 14.594,80"
"Provincia di Frosinone","Comune di Alvito","Musica linguaggio nel tempo per unire nella pace","€ 9.600,00"
"Provincia di Frosinone","Associazione culturale Errare Persona","Racconta la guerra (Ninetta e le altre:Le marocchinate del '44)","€ 11.419,47"
"Provincia di Frosinone","Comune di Sora","Itinerari musicali 2010","€ 21.979,30"
"Provincia di Frosinone","Comune di Sant'Elia Fiumerapido","Rassegna lirica santeliana","€ 12.024,99"
"Provincia di Frosinone","Fondazione Umberto Mastroianni","Il libro di pietra 2010","€ 14.649,94"
"Provincia di Frosinone","Comune di Veroli","Ernica etnica. La musica che abbiamo nel cuore","€ 12.215,35"
"Provincia di Frosinone","Associazione ""Comunicando""","Federico Fellini: tra sogno, magia e realtà","€ 22.263,74"
"Provincia di Frosinone","Associazione Culturale Progetto Ateneo","Melampo","€ 14.840,95"
"Provincia di Frosinone","Associazione Culturale ""Scuola fumetto Cassino""","Sorrisi illustri","€ 12.581,84"
"Provincia di Frosinone","Comune di Roccasecca","Festival internazionale ""Severino Gazzelloni""","€ 22.055,88"
"Provincia di Frosinone","Associazione socioculturale Marionette in libertà","Marionette in libertà","€ 2.940,00"
"Provincia di Frosinone","Associazione culturale teatro piccolo","Festival del teatro All'ombre dei ciclopi","€ 5.000,00"
"Provincia di Frosinone","Comune di Rocca d'arce","Attività culturali e di spettacolo nel teatro comunale Federico II","€ 4.980,00"
"Provincia di Frosinone","Centro studi Ricerche e documentazione Marcello Mastroianni","Omaggio a Marcello Mastroianni. L'arte di raccontare tra narrativa e cinema","€ 5.000,00"
"Provincia di Frosinone","Associazione culturale Zerotremilacento","Da Cosa nasce cosa","€ 5.000,00"
"Provincia di Frosinone","Associazione culturale ""Pico Farnese""","Musikulturs. Suoni e racconti della nostra terra","€ 3.000,00"
"Provincia di Frosinone","Associazione Italiaturismodoc","Festival del mandolino","€ 5.000,00"
"Provincia di Frosinone","Associazione culturale ""Newart2000 Eventi & Comunicazione""","Filippo Balbi","€ 5.000,00"
"Provincia di Frosinone","Comune di Belmonte Castello","Festa dell'emigrante","€ 2.250,00"
"Provincia di Frosinone","Compagnia Palco Oscenico","Castrum Fontanae","€ 2.400,00"
"Provincia di Frosinone","Associazione culturale Il minuto 122","Ferentino acustica","€ 5.000,00"
"Provincia di Frosinone","Associazione socioculturale Specchi sonori","AnimAzioni fra le pagine","€ 3.000,00"
"Provincia di Frosinone","Coop. Psiche e aurora","Azioni creative 1.0","€ 5.000,00"
"Provincia di Frosinone","Comune di Monte San Giovanni Campano","Eroiche battaglie per l'unità d'Italia","€ 3.000,00"
"Provincia di Frosinone","Associazione Comino","Terra di santi e briganti. Storie della Valcomino tra Borboni e Piemontesi","€ 3.000,00"
"Provincia di Frosinone","Associazione di promozione sociale Genesi","Le epigrafi della valle di Comino","€ 5.000,00"
"Provincia di Frosinone","Associazione culturale ricreativa ""Cosmos""","Cultura ciociara","€ 5.000,00"
"Provincia di Frosinone","Associazione culturale ""Display surreale""","La memoria del cortile","€ 5.000,00"
"Provincia di Frosinone","Complesso bandistico ""Samuele Pagano"" Città di Atina","Gran galà della musica lirica","€ 3.000,00"
"Provincia di Frosinone","Comune di Villa Latina","Festival della zampogna","€ 3.000,00"
"Provincia di Frosinone","Comune di Santopadre","Santopadre film festival 2010","€ 2.250,00"
"Provincia di Frosinone","Comune di Patrica","Ode alla Ciociaria","€ 3.000,00"
"Provincia di Frosinone","Associazione culturale ""Pro Enrico""","La festa!","€ 2.250,00"
"Provincia di Frosinone","Gruppo corale ""Santa Maria Maggiore""","In dulci jubilo","€ 2.100,00"
"Provincia di Frosinone","Comune di Giuliano di Roma","Festival nazionale ""Vallecorsa di scena transiti teatrali""","€ 3.000,00"
"Provincia di Frosinone","Comune di Settefrati","Premio di pittura Libero de Libero- Settefrati-Canneto","€ 2.916,00"
"Provincia di Frosinone","Comune di Picinisco","Il paese dei romanzi","€ 3.000,00"
"Provincia di Frosinone","Associazione Culturale Sinopia","Mostra internazionale d'arte contemporanea","€ 5.000,00"
"Provincia di Frosinone","Accademia musicale isolana","Diffusione bandistica nelle scuole","€ 5.000,00"
"Provincia di Frosinone","Comune di Coreno Ausonio","Officine culturali","€ 5.000,00"
"Provincia di Frosinone","Comune di Colle San Magno","Italia …in musica","€ 2.400,00"
"Provincia di Frosinone","Associazione Musicale Città di Trivigliano","Un pentagramma nella storia: ieri, oggi, domani","€ 2.520,00"
"Provincia di Frosinone","Associazione culturale ""Echidna""","Ciociaria art locally","€ 5.000,00"
"Provincia di Frosinone","Comune di Boville Ernica","Family teatro festival","€ 3.000,00"
"Provincia di Frosinone","Associazione ""Il Caino""","Caino fest 2010","€ 3.000,00"
"Provincia di Frosinone","Archeoclub d'Italia- Sezione di Alatri","Acquedotti, insediamenti e ville romane in Ciociaria. Gli acquedotti della villa di Traiano","€ 4.500,00"
"Provincia di Frosinone","Associazione culturale Pegasus","Questa è un'altra storia","€ 2.700,00"
"Provincia di Frosinone","Comune di Castelliri","Tarantelliri. Festival di musica popolare","€ 3.000,00"
"Provincia di Frosinone","Comune di Ausonia","Ausonia etnica:storia, lavoro, cultura e tradizioni di fine secolo","€ 1.800,00"
"Provincia di Frosinone","Associazione culturale terra e libertà","Ottobrata d'autore. Siamo culture","€ 4.200,00"
"Provincia di Frosinone","Associazione culturale ""degli enta e degli anta""","Ciociaria superstar","€ 3.000,00"
"Provincia di Frosinone","Associazione culturale ""I pini"" amici del teatro","Cultura e tradizioni di Strangolagalli attraverso il teatro","€ 3.000,00"
"Provincia di Frosinone","Associazione deus day","Concorso letterario provinciale di poesie in lingua ed in vernacolo e racconti in lingua a tema","€ 4.500,00"
"Provincia di Frosinone","Circolo arci di Paliano","Festival ""Echi barocchi""","€ 3.000,00"
"Provincia di Frosinone","Comune di Trevi nel Lazio","I Convegno Internazionale ""G.Camilloni"": musica e handicap","€ 3.000,00"
"Provincia di Frosinone","Centro giovani Casalotti","Torne & place-laboratorio teatrale","€ 4.200,00"
"Provincia di Frosinone","Comune di Colfelice","Il dialetto:vita e cultura della nostra gente","€ 1.200,00"
"Provincia di Frosinone","Associazione Culturale Korinem","Ritorno al quartiere. Inverno 2010","€ 5.000,00"
"Provincia di Frosinone","ISALM Istituto di storia e di arte del Lazio meridionale","Etnostorica n.21","€ 5.000,00"
"Provincia di Frosinone","Associazione di promozione sociale""Un fiume di….""","Obiettivo Liri. Concorso e mostra fotografici sul fiume Liri","€ 3.750,00"
"Provincia di Frosinone","Associazione Musicale Coro polifonico Res musica","Corso di propedeutica e laboratorio musicale per bambini da 3 a 11 anni","€ 5.000,00"
"Provincia di Frosinone","Comune di Vallecorsa","Laboratorio e spettacolo teatrale","€ 3.000,00"
"Provincia di Frosinone","Verde Liri- Storia arte cultura","Rocca Sorella nella Sora dell'Alta terra di Lavoro","€ 3.676,10"
"Provincia di Frosinone","Unione musicale ciociara","Festival di bande giovanili della bacchetta d'oro ""Benito Pica""","€ 12.494,32"
"Provincia di Frosinone","Comune di Villa Santo Stefano","Villa: generazioni di un paese in sinfonia","€ 6.337,47"
"Provincia di Rieti","CIRCOLO ARCI UNDERGROUND","“INKIOSTRARCI”","€ 10.500,00"
"Provincia di Rieti","ASS. MUSICA EXPERIMENTO","MUSICA  DEL TEMPO PRESENTE FESTIVAL INTERNAZIONALE","€ 5.622,20"
"Provincia di Rieti","ASS.  DOMOVOJ","SABINARUM FESTIVAL  2010","€ 5.000,00"
"Provincia di Rieti","ASS CULTURALE ELEUTHERA","SETTEMBRE IN MUSICA","€ 5.000,00"
"Provincia di Rieti","ASS.CULTURALE MUSIKOLOGIAMO","JAZZID  AREA FESTIVAL 2010","€ 5.000,00"
"Provincia di Rieti","COMITATO SAN DOMENICO ONLUS","LA MUSICA SACRA","€ 3.500,00"
"Provincia di Rieti","ASS. CULTURALE TEATRANDO E....","TEATRO EDUCAZIONE","€ 3.500,00"
"Provincia di Rieti","ASS. CULTURALE AMICI DEL MUSEO","SETTIMANA MUSICALE MIRTENSE","€ 3.500,00"
"Provincia di Rieti","ASS. CULTURALE TEATRO SOLIS","CITTA' SPETTACOLO 2010","€ 3.000,00"
"Provincia di Rieti","BANDA MUSICALE CITTADINA  COLLEVECCHIO","FESTIVAL SABINO BANDE DI STRADA","€ 3.000,00"
"Provincia di Rieti","ASS. MUSICALE PONTICELLI SABINO","SPAZIOMUSICA","€ 3.000,00"
"Provincia di Rieti","ASS.CULTURALE VICEVERSA","“ BIG, DOPPER LOVE SUMMER FEST”","€ 3.000,00"
"Provincia di Rieti","ASS. CULTURALE  CERES DAY","CERES  DAY FESTIVAL 2010","€ 3.000,00"
"Provincia di Rieti","ASS. MUSICALE POGGIO BUSTONE","PREMIO POGGIO BUSTONE 2010","€ 3.000,00"
"Provincia di Rieti","ASS. CULTURALE FOLK MEDIA  ","FESTIVAL DI CULTURA POPOLARE CICOLANO FOLK FESTIVAL","€ 3.000,00"
"Provincia di Rieti","KARTING CLUB ONLUS","VI VALERIO REGGAE FESTIVAL","€ 3.000,00"
"Provincia di Rieti","ASS. TEATRO ZETA","GIOVANI TEATRINFESTIVAL","€ 3.000,00"
"Provincia di Rieti","Comune di Poggio Mirteto","Rassegna cinematografica “ Grande cinema italiano”","€ 19.000,00"
"Provincia di Rieti","Comune di Mompeo"," “Festival internazionale del corto in Sabina”","€ 15.000,00"
"Provincia di Rieti","Comune di Collevecchio","“ Noemart Festival”","€ 13.000,00"
"Provincia di Rieti","Comune di Torri in Sabina","“ Contaminazioni d'arte 2010”","€ 12.000,00"
"Provincia di Rieti","Comune di Fara in Sabina","“ Progetto per il recupero dell'identità locale attraverso la ricerca storica e la rielaborazione teatrale”","€ 8.000,00"
"Provincia di Rieti","XX Comunità Montana ","“ Paesaggio di voci”","€ 7.000,00"
"Provincia di Rieti","Comune di Montenero","“ Castello in scena”","€ 5.000,00"
"Provincia di Rieti","Comune di Casaprota","Rassegna Cinema d' Estate “Premio Fausto Tozzi”","€ 4.433,30"
"Provincia di Rieti","Comune di Contigliano","“ Assalto al castello 2010”","€ 3.000,00"
"Provincia di Rieti","Comune di Salisano","“ Salisano, nascita e sviluppo di un castello”","€ 3.000,00"
"Provincia di Rieti","Comune di Stimigliano","“Ottobre Stimiglianese”","€ 3.000,00"
"Provincia di Rieti","Comune di Tarano","“ Nei tempi e nei luoghi di Alessandro Capece”","€ 3.000,00"
"Provincia di Rieti","Comune di Turania","“ Laboratorio multidisciplinare artistico”","€ 3.000,00"
"Provincia di Rieti","Comune di Paganico","“ La moresca di Paganico”","€ 3.000,00"
"Provincia di Rieti","Comune di Pescorocchiano","“ Pescorocchiano tra danza, musica e teatro”","€ 3.000,00"
"Provincia di Rieti","Comune di Casperia","Premio “ Ignazio Gennari ”","€ 3.000,00"
"Provincia di Rieti","Comune di Borbona","Festival  Regionale del Canto a Braccio","€ 25.000,00"
"Provincia di Rieti","Comune di Magliano Sabina","SabinaMusica Festival","€ 12.000,00"
"Provincia di Rieti","Comune di Cittaducale","“ Sipario angioino: rassegna di musica, danza e teatro”","€ 10.000,00"
"Provincia di Rieti","Comune di Poggio San Lorenzo","“ Dal Tramonto all'Alba”","€ 10.000,00"
"Provincia di Rieti","Comune di Cantalice","“ Concerti al chiostro 2010”","€ 8.000,00"
"Provincia di Rieti","Comune di Labro","Festival della musica in strada","€ 6.000,00"
"Provincia di Rieti","Comune di Colle di Tora","“Lo specchio e la luna. I segreti del lago”","€ 5.000,00"
"Provincia di Rieti","Comune di Toffia","“ Festival dei centri storici della Valle del Farfa”","€ 4.000,00"
"Provincia di Rieti","Comune di Antrodoco","“ Quattro stagioni Festival”","€ 4.000,00"
"Provincia di Rieti","Comune di Monteleone Sabino","“Lion-art Tebula Mutuesca musica festival”","€ 4.000,00"
"Provincia di Rieti","Comune di Scandriglia","“ Progetto attività Teatro, danza e musica”","€ 4.000,00"
"Provincia di Rieti","Comune di Pozzaglia Sabina","“ Tributo a De Andrè”","€ 3.433,30"
"Provincia di Rieti","Comune di Posta","Progetto teatrale ","€ 3.000,00"
"Provincia di Rieti","Comune di Castel Sant’Angelo","“ Acqua e arte”","€ 3.000,00"
"Provincia di Rieti","Comune di Frasso Sabino","“ FrassoMusica”","€ 3.000,00"
"Provincia di Rieti","Comune di Leonessa","“ Rassegna Jazz Leonessana”","€ 3.000,00"
"Provincia di Rieti","CENTRO  DI RICERCA E SPERIMENTAZIONE METACULTURALE","ARTE R.I.E","€ 10.622,20"
"Provincia di Rieti","ORGANIZZAZIONE DI VOLONTARIATO VALLEDELSALTO","LA VALLE DEL SALTO NEL RACCONTO DEI VIAGGIATORI DELL'OTTOCENTO","€ 6.500,00"
"Provincia di Rieti","ASS. CULTURALE  LA TARTARUGA  ","“RIETI PREUNITARIA”","€ 6.500,00"
"Provincia di Rieti","ASS. ROSAMUNDA","“ SUONAVA ROSAMUNDA # 4”","€ 5.000,00"
"Provincia di Rieti","ASS.CULTURALE TEATRO RIGODON","“CENCI”","€ 5.000,00"
"Provincia di Rieti","ASS. CULTURALE GIOVANILE “ WRITE & SING” ","III EDIZIONE DEL CONCORSO LETTERARIO MUSICALE “WRITE & SING”","€ 4.000,00"
"Provincia di Rieti","Ass.ne Scripta Volant","A voce alta leggero leggere","€ 3.000,00"
"Provincia di Rieti","ASS. CULTURALE “ LA COMPAGNIA DEGLI ZANNI”","VIII INCONTRO INTERNAZIONALE DEL FOLCKLORE","€ 3.500,00"
"Provincia di Rieti","Ass.ne Amalur","cinemamatrice under 21","€ 3.000,00"
"Provincia di Rieti","ASS. VALLE AMARA ONLUS","“ VALLE AMARA RULES”","€ 3.500,00"
"Provincia di Rieti","ASS. STORICA PER LA SABINA","II CONVEGNO ASSOCIAZIONE STORICA","€ 3.500,00"
"Provincia di Rieti","ASS.POSTRIBU ONLUS","CICLO DI PRESENTAZIONE DI LIBRI E APERITIVI VERDI","€ 3.500,00"
"Provincia di Rieti","ASS. COLPI DI SCENA","“ ALICE E LE NUOVE MERAVIGLIE”","€ 3.500,00"
"Provincia di Rieti","ASS. CULTURALE CONTROVENTO","“ I NOSTRI ANNI INQUIETI”","€ 3.000,00"
"Provincia di Rieti","ASS. SANTA MARIA NOVA","“ TOTA SABINA CIVITAS”","€ 3.000,00"
"Provincia di Rieti","ASS. VIVAMENTE ONLUS","RADICI LONTANE","€ 3.000,00"
"Provincia di Latina","IL CALAMAIO","Latina d'autore","€ 16.719,80"
"Provincia di Latina","ORANGE DREAM","Musica mare 2010","€ 10.000,00"
"Provincia di Latina","NUOVI ORIZZONTI PONTINI","Villaggio Cambellotti Estate 2010","€ 10.000,00"
"Provincia di Latina","BORINCUBA","Cubamania","€ 10.000,00"
"Provincia di Latina","CONVIVIUM PRO MUSICA","I Concerti d'estate 2010","€ 10.000,00"
"Provincia di Latina","IDENTITA POPOLARE","Festival del Graphific","€ 8.000,00"
"Provincia di Latina","COLLEGIUM MUSICUM","XIII Ed Concorso Voci liriche","€ 8.000,00"
"Provincia di Latina","VALDRADA","Borgolando","€ 5.000,00"
"Provincia di Latina","GIUSEPPE VERDI","Festival lirico G.Verdi","€ 5.000,00"
"Provincia di Latina","IL PARNASO","Mostra rassegna cinematografica","€ 5.000,00"
"Provincia di Latina","CINEMA E SOCIETA","Inventa un film","€ 5.000,00"
"Provincia di Latina","LA COPELLA","Cori sotto le stelle","€ 5.000,00"
"Provincia di Latina","CAPIT","Mobili e desiner","€ 5.000,00"
"Provincia di Latina","COMPRENSORIO LEPINO","VI Rassegna nazionale di musica classica","€ 5.000,00"
"Provincia di Latina","MATUTA TEATRO","Mat Teatri in Festival","€ 5.000,00"
"Provincia di Latina","LE MUSE","Alfredo Maferrari Antiche suggestioni","€ 5.000,00"
"Provincia di Latina","OPERA PRIMA","Emergenza e dintorni","€ 5.000,00"
"Provincia di Latina","ALCHIMIA","Progetto Alchimia","€ 5.000,00"
"Provincia di Latina","GRUPPO FOLK CITTA' DI FONDI","XXV Festival Folcloristico Città di Fo","€ 5.000,00"
"Provincia di Latina","JO VENTRISCO","Festival internazionale delle tre te","€ 5.000,00"
"Provincia di Latina","FOGLIANO ARTE","La natura arte e gioco","€ 5.000,00"
"Provincia di Latina","COMITATO VELICO","Notti di vela","€ 5.000,00"
"Provincia di Latina","TARTINI","Musica e danza nella Prov. Di Latina","€ 5.000,00"
"Provincia di Latina","DE GASPERI","L'espressione del paesaggio","€ 5.000,00"
"Provincia di Latina","DIAPASON","Laboratorio musicale","€ 5.000,00"
"Provincia di Latina","MONS.GIUSEPPE CENTRA","Premio goccia d'oro","€ 5.000,00"
"Provincia di Latina","ALMADELA","Premio Caletta di Ponza","€ 5.000,00"
"Provincia di Latina","I GIULLARI","Viaggio della danza popolare","€ 5.000,00"
"Provincia di Latina","QUINTETTO D'A","Fondi Art Festival","€ 5.000,00"
"Provincia di Latina","TEAR","III Festival Ruzantiano","€ 5.000,00"
"Provincia di Latina","SACRA RAPPRESENTAZIONE VENERDI SANTO","La gradinata","€ 5.000,00"
"Provincia di Latina","POLIFONICA PONTINA","Polifonica in concerto","€ 5.000,00"
"Provincia di Latina","VIVI IL PICCARELLO","Memorie di un territorio","€ 5.000,00"
"Provincia di Latina","IL SETACCIO","Settimana teatro amatoriale XVI ED.","€ 5.000,00"
"Provincia di Latina","ARCHE","Festival delle orchestre","€ 5.000,00"
"Provincia di Latina","GRUPPO AMICIZIA CASTELLONE ","Estate a Castellone","€ 5.000,00"
"Provincia di Latina","PICCOLO TEATRO","Commedia dialettale","€ 5.000,00"
"Provincia di Latina","ARTE E TEATRO","Teatro Ragazzi III Ed.","€ 5.000,00"
"Provincia di Latina","CORALE SAN MARCO","La musica sacra contemporanea ed a","€ 5.000,00"
"Provincia di Latina","I PAGGETTI","La cultura del grano","€ 5.000,00"
"Provincia di Latina","AMICI PER LA CULTURA","Estate a Porta Roma","€ 5.000,00"
"Provincia di Latina","ROCCALLING","Roccaling Festivale VI Ed.","€ 5.000,00"
"Provincia di Latina","DANZA EXPRESSION","Dance up","€ 5.000,00"
"Provincia di Latina","ENSAMBLE ICUNDUS CANTUS","Alla corte di Giulia Gonzaga","€ 5.000,00"
"Provincia di Latina","SPAZIO 09","Festival teatrale spaziozeronove","€ 5.000,00"
"Provincia di Latina","ACC. MUSICALE LEPINA","San Martino Musica Festival","€ 5.000,00"
"Provincia di Latina","ORPHEUS","V Festival Concerti di Natale","€ 5.000,00"
"Provincia di Latina","DMI","La musica italiana","€ 5.000,00"
"Provincia di Latina","A.MA.RE","Festa della gente di mare III ED.","€ 5.000,00"
"Provincia di Latina","ARMONIA","Seminario Jazz al Castello","€ 5.000,00"
"Provincia di Latina","COMUNE DI FORMIA","Rassegna teatrale e cabaret","€ 16.813,20"
"Provincia di Latina","COMUNE DI NORMA","Letteratura e musica","€ 10.000,00"
"Provincia di Latina","COMUNE DI CASTELFORTE","Diamo voce agli autori locali IV Ed.","€ 10.000,00"
"Provincia di Latina","COMUNE DI CAMPODIMELE","Un paese incantato la città delle fiabe","€ 10.000,00"
"Provincia di Latina","COMUNE DI MINTURNO","Teatro Romano 47° edizione","€ 10.000,00"
"Provincia di Latina","COMUNITà MONTANA MONTI AURUNCI","Festival culturale degli aurunci 2010","€ 10.000,00"
"Provincia di Latina","COMUNE DI CISTERNA","Settimana della cultura popolare II ed.","€ 10.000,00"
"Provincia di Latina","COMUNE DI SPERLONGA","Un mare di emozioni","€ 10.000,00"
"Provincia di Latina","COMUNE DI LATINA","Stagione di danza","€ 10.000,00"
"Provincia di Latina","COMUNE DI SEZZE","Cultura e tradizioni dell'antica setia","€ 10.000,00"
"Provincia di Latina","COMUNE DI SERMONETA","Tra arte e cultura","€ 10.000,00"
"Provincia di Latina","COMUNE DI LENOLA","Festival del saltarello","€ 7.000,00"
"Provincia di Latina","COMUNE DI SS.COSMA E DAMIANO","Mosaico d'estate Arte Popolare e Cultura","€ 7.000,00"
"Provincia di Latina","COMUNE DI ROCCAMASSIMA","Piccolo Comune grande comunicatore","€ 7.000,00"
"Provincia di Latina","COMUNE DI MAENZA","Dall'architettura del paesaggio alla Cost.","€ 7.000,00"
"Provincia di Latina","COMUNE DI VENTOTENE+PONZA","Sì io mi ricordo","€ 7.000,00"
"Provincia di Latina","COMUNE DI SONNINO","Espressività oltre ai confini","€ 7.000,00"
"Provincia di Latina","COMUNE DI CORI","La civiltà del grano","€ 7.000,00"
"Provincia di Latina","COMUNE DI GAETA","Cento città in musica","€ 5.000,00"
"Provincia di Latina","COMUNE DI PROSSEDI","Prossedi e Pisterzo culturali VII","€ 5.000,00"
"Provincia di Latina","COMUNE DI ROCCASECCA","Album di famiglia","€ 5.000,00"
"Provincia di Latina","COMUNE DI SPIGNO SATURNIA","Festival della satira","€ 5.000,00"
"Provincia di Latina","COMUNE DI BASSIANO","Raduno bandistico","€ 5.000,00"
"Regione Lazio","Club Teatro: Rem& Cap Proposte"," MACCHINE GEMELLE","€ 20.000,00"
"Regione Lazio","associazione culturale compagnia teatropersona","l'Antifona","€ 16.000,00"
"Regione Lazio","Neraonda SRL","Semi d'Acciaio","€ 16.000,00"
"Regione Lazio","LOOK STUDIO srl","NOW - NOMADIC ORCHESTRA of the WORLD ","€ 16.000,00"
"Regione Lazio","Lyras","Gli ultimi fuochi","€ 13.000,00"
"Regione Lazio","IL CARRO DELL'ORSA SOC.COOP. A R.L","LA MOSCA BIANCA","€ 13.000,00"
"Regione Lazio","Index Muta Imago"," La Forma delle cose","€ 13.000,00"
"Regione Lazio","COMPAGNI VERONICA CRUCIANI"," LE CITTA’ INVISIBILI","€ 13.000,00"
"Regione Lazio","Compagnia Dark camera","Gli Uguali e i Diversi","€ 13.000,00"
"Regione Lazio","CINQUEANELLI"," LA CANTATRICE CALVA","€ 13.000,00"
"Regione Lazio","TEATRO INSTABILE SOCIETA' COOPERATIVA","  IL CAPOLAVORO SCONOSCIUTO","€ 9.000,00"
"Regione Lazio","Istituto studi dello spettacolo -Teatro Studio","Legal Theatre:  processi dello scandalo: Oscar Wilde e il Marchese De Sade","€ 9.000,00"
"Regione Lazio","ASSOCIAZIONE CULTURALE CASTALIA","Truculentus","€ 9.000,00"
"Regione Lazio","SALAUNOTEATRO","IL GIARDINO DEI CILIEGI Multimed.","€ 9.000,00"
"Regione Lazio","Associazione Culturale Santasangre","Inverno nucleare (titolo provvisorio)","€ 9.000,00"
"Regione Lazio","Associazione Culturale Centro Promozione Danza","""Picta""","€ 9.000,00"
"Regione Lazio","Teatroinscatola"," Riflessi poetici di donna","€ 9.000,00"
"Regione Lazio","Associazione MusicaleCAMERATA MONTEVERDI -Historia Sacra et Saecularis"," La Musica attraverso il Balletto","€ 9.000,00"
"Regione Lazio","IL CERCHIO INVISIBILE","IL LAVORO STANCA","€ 9.000,00"
"Regione Lazio","COMPAGNIA DEL METATEATRO","LA DISPUTA DI MESSINA","€ 9.000,00"
"Regione Lazio","COOP. ARGOT ARL"," Kvetch di Steven Berkoff .","€ 9.000,00"
"Regione Lazio","Coop. La Fabbrica dell'Attore ONLUS","PILADE ","€ 9.000,00"
"Regione Lazio","Associazione Culturale Politecnico Teatro"," FELICITAS","€ 6.000,00"
"Regione Lazio","Fondazione Romaeuropa Arte e Cultura","Romaeuropa Festival","€ 160.000,00"
"Regione Lazio","Accademia Filarmonica Romana","La musica da camera dal barocco al contemporaneo","€ 65.000,00"
"Regione Lazio","Area06","Area06 project_ Fest Resort Short Theatre","€ 80.000,00"
"Regione Lazio","ASSOCIAZIONE CONCERTISTICA ROMANA"," FESTIVAL PIANISTICO DI ROMA - nona e decima edizione 2010/11.","€ 30.000,00"
"Regione Lazio","COMUNE DI RIETI","RIETI DANZA FESTIVAL - CONCORSO INTERNAZIONALE DI DANZA CITTA' DI RIETI","€ 40.000,00"
"Regione Lazio","Associazione Culturale Têtes de Bois"," PROGETTO BIENNALE 2010/2011 'Stradarolo XV edizione - 41° Parallelo' ","€ 70.000,00"
"Regione Lazio","Associazione giovanile di promozione sociale Juppiter","""La Casa delle Arti"" 2010-2011","€ 80.000,00"
"Regione Lazio","CAMPUS INTERNAZIONALE DI MUSICA"," 46° E 47° FESTIVAL PONTINO  DI MUSICA     ","€ 80.000,00"
"Regione Lazio","Società Cooperativa ""Teatro Stabile delle Arti Medioevali"""," Festival ""Quartieri dell'Arte""","€ 75.000,00"
"Regione Lazio","Ass. Cult. Archivio Aurunco /RE.FO.LA."," RE.FO.LA. RETE DEL FOLKLORE NEL LAZIO (XIII e XIV ed.)","€ 80.000,00"
"Regione Lazio","Associazione Culturale Procult"," MArteLive","€ 90.000,00"
"Regione Lazio","Mediascena Europa"," Circuito Promozionale di Danza e Balletto della Regione Lazio","€ 97.000,00"
"Regione Lazio","Comune di Frascati","Festival Internazionale delle Ville Tuscolane, edizioni 2010-2011","€ 40.000,00"
"Regione Lazio","Istituzione Universitaria dei Concerti"," InConcerto - Capolavori dal barocco ad oggi","€ 50.000,00"
"Regione Lazio","Pentagono Produzioni Associate"," TEATRI DI PIETRA LAZIO","€ 25.000,00"
"Regione Lazio","PROVINCIA DI VITERBO","FESTIVAL BAROCCO","€ 25.000,00"
"Regione Lazio","Associazione Culturale Allegorein","IL PREMIO LETTERARIO FERONIA CITTA' DI FIANO matrice e centro di eventi poetici internazionali. ","€ 40.000,00"
"Regione Lazio","Associazione Culturale iTusci"," Suoni e Passi della Tradizione: XII edizione 2010-2011 ""Speciale Italiani 150"" a 150 anni dall'unità d'italia","€ 20.000,00"
"Regione Lazio","Associazione Teatro Potlach","FESTIVAL LABORATORIO INTERCULTURALE DI PRATICHE TEATRALI","€ 32.000,00"
"Regione Lazio","Athena Arte Eventi"," “Grande Musica in Chiesa - incontro con le Vie Francigene del Lazio”","€ 42.000,00"
"Regione Lazio","C.T.M.Centro Teatro Musica Onlus","LAZIO FESTIVAL","€ 25.000,00"
"Regione Lazio","I.A.L.S. Istituto Addestramento Lavoratori Spettacolo"," Rete dei centri video di danza presso organismi culturali nel Lazio- Web TV - Presentazione del centro con spettacoli dal vivo di giovani coreografi (under 35) Anno 2010-2011","€ 30.000,00"
"Regione Lazio","Rinoceronte Incatenato"," Borgofestival","€ 30.000,00"
"Regione Lazio","Associazione Culturale MARGINE OPERATIVO","ATTRAVERSAMENTI MULTIPLI   2010 - 2011  - teatro - danza - musica - street art - performance - video - comics negli spazi urbani ","€ 32.000,00"
"Regione Lazio","Semintesta Associazione Culturale"," Frammenti ","€ 20.000,00"
"Regione Lazio","Associazione Culturale UNICA
EVENTI","OBOLON decima edizione","€ 35.000,00"
"Regione Lazio","Teatro Tesi","Premio Anita Bucchi - Una finestra per i giovani talenti","€ 27.000,00"
"Regione Lazio","artisti riuniti i lunedi di artisti riuniti","i lunedi di artisti riuniti","€ 30.000,00"
"Regione Lazio","IL TRIANGOLO SCALENO","OFFICINA1011 CANTIERE DI CREATIVITA' CONTEMPORANEA NELLA REGIONE LAZIO","€ 80.000,00"
"Regione Lazio","ASSOCIAZIONE CULTURALE COLLETTIVO TEATRALE BERTOLT BRECHT","OFFICINA BRECHT","€ 70.000,00"
"Regione Lazio","ASSOCIAZIONE CULTURALE ARCI LA FRECCIA","OFFICINA CULTURALE PER IL NORD DELL'AGROPONTINO","€ 65.000,00"
"Regione Lazio","ACCADEMIA DELLA TUSCIA","OFFICINA CULTURALE DELLA TUSCIA","€ 60.000,00"
"Regione Lazio","ASSOCIAZIONE SETTIMO CIELO","OFFICINA EST ESPERIMENTI SUL TERRITORIO AD ORIENTE DI ROMA","€ 50.000,00"
"Regione Lazio","TEATRO NULL","I PORTI DELLA TEVERINA NUOVI APPRODI PER ANTICHE METE","€ 70.000,00"
"Regione Lazio","COOPERATIVA SOCIALE
FOLIAS ONLUS","OFFICINE CULTURALI
PERTURBAZIONI""LE
OFFICINE DEL NORD EST""","€ 70.000,00"
"Regione Lazio","ASSOCIAZIONE CULTURALE COMPAGNIA L MELOGRANO [OVVERO] TEATRO DELLE  CONDIZIONI AVVERSE","OFFICINA CULTURALE BASSA SABINA LA CULTURA METTE RADICI","€ 70.000,00"
"Regione Lazio","THE COMPANY","OFFICINA PASSO 578","€ 50.000,00"
"Regione Lazio","ASSOCIAZIONE CULTURALE CLAN BANLIEUE","CULTURA AL BANDO.
MUSICA DANZA ED ARTI
INTEGRATE.","€ 30.000,00"
"Regione Lazio","APOLLOUNDICI","""ESQUILINO YOUNG
ORCHESTRA"" E CENTRO
AGGREGATIVO PICCOLO
APOLLO","€ 50.000,00"
"Regione Lazio","ASSOCIAZIONE CULTURALE LA RIBALTA CENTRO STUDI ENRICO MARIA SALERNO","OFFICINA DI TEATRO SOCIALE TEATRO LIBERO DI REBIBBIA - ANNUALITÀ 2010-2011","€ 40.000,00"
"Regione Lazio","ASSOCIAZIONE CULTURALE ONDADURTO TEATRO","ROMATEATRO 2010-2011","€ 15.000,00"
"Regione Lazio","AUSER LAZIO ONLUS ASSOCIAZIONE PER L’AUTOGESTIONE DEI SERVIZI E LA SOLIDARIETA'","LA BOTTEGA DI GI.AN.O (GIOVANI ANZIANI OPEROSI)","€ 30.000,00"
"Regione Lazio","ARTESTUDIO","PORT ROYAL","€ 30.000,00"
"Regione Lazio","ASSOCIAZIONE CULTURALE CORE","CORE","€ 70.000,00"
